transaction_date,voucher_number,ref_number,narration,chart_of_acc_head,account_head_group,Debit,Credit,Voucher_Type,group_no,group_name,_clean_text
2022-08-01,CPV220800019,BD-0287,"Labour bill payment for New internal road, 8th plant silo, 11th plant machineries painting work & Scrub room repair purpose.",CWIP New Internal Road (Without Asphalt):DO/2022/002,BMRE of Shahjahanpur Factory:DO/2022/002,3300.0,0.0000,Payment[Cash],1,group_1,cwip new internal road do/ /
2022-08-01,CPV220800019,BD-0287,"Labour bill payment for New internal road, 8th plant silo, 11th plant machineries painting work & Scrub room repair purpose.",CWIP Civil Work of 7 RM Silo:VC/2022/014,CWIP Seven RM Silo in SP:VC/2022/014,5950.0,0.0000,Payment[Cash],2,group_2,cwip civil work of rm silo vc/ /
2022-08-01,CPV220800019,BD-0287,"Labour bill payment for New internal road, 8th plant silo, 11th plant machineries painting work & Scrub room repair purpose.",Repairs & Maint-Fac P&M,Fac Repairs Maintenance,1000.0,0.0000,Payment[Cash],3,group_3,repairs & maint-fac p&m
2022-08-01,CPV220800019,BD-0287,"Labour bill payment for New internal road, 8th plant silo, 11th plant machineries painting work & Scrub room repair purpose.",Repairs & Maint-Others,Fac Repairs Maintenance,1900.0,0.0000,Payment[Cash],3,group_3,repairs & maint-others
2022-08-01,CPV220800019,BD-0287,"Labour bill payment for New internal road, 8th plant silo, 11th plant machineries painting work & Scrub room repair purpose.",Bogra Plant Cash,Cash-in-Hand,0.0,12150.0000,Payment[Cash],4,group_4,bogra plant cash
2022-08-01,CPV220800020,BD-0288,For Office Canteen.,Fac Canteen Expenses,Fac Canteen Expenses,2044.0,0.0000,Payment[Cash],5,group_5,fac canteen expenses
2022-08-01,CPV220800020,BD-0288,For Office Canteen.,Bogra Plant Cash,Cash-in-Hand,0.0,2044.0000,Payment[Cash],4,group_4,bogra plant cash
2022-08-01,CPV220800021,BD-0289,Paper bill  payment for the month of  July\'22.,Fac Books & Newspaper,Factory Overhead (Indirect),306.0,0.0000,Payment[Cash],6,group_6,fac books & newspaper
2022-08-01,CPV220800021,BD-0289,Paper bill  payment for the month of  July\'22.,Bogra Plant Cash,Cash-in-Hand,0.0,306.0000,Payment[Cash],4,group_4,bogra plant cash
2022-08-01,CPV220800022,BD-0290,"Amount paid to renewal of fire license No Bog/1330, Bog/176 [ Office Cost Tk. 6000, Challan Cost Tk. 2978]",Registration & Renewal,Administrative Expenses,8978.0,0.0000,Payment[Cash],7,group_7,registration & renewal
2022-08-01,CPV220800022,BD-0290,"Amount paid to renewal of fire license No Bog/1330, Bog/176 [ Office Cost Tk. 6000, Challan Cost Tk. 2978]",Bogra Plant Cash,Cash-in-Hand,0.0,8978.0000,Payment[Cash],4,group_4,bogra plant cash
2022-08-01,CPV220800023,BD-0291,"Courier bill, Van fare for mech & Electric item carrying.",Carriage Inward-Local,Local Purchase,1665.0,0.0000,Payment[Cash],8,group_8,carriage inward-local
2022-08-01,CPV220800023,BD-0291,"Courier bill, Van fare for mech & Electric item carrying.",Bogra Plant Cash,Cash-in-Hand,0.0,1665.0000,Payment[Cash],4,group_4,bogra plant cash
2022-08-01,CPV220800070,ND-0244,"Paid to Mr. Soyeb Arifen Khan for Mobil, mobil filter, diesel filter and air filter for Mitsubishi car purpose.",Adv to Soyeb Arifen Khan-NP,Advance to Employee of NP,4430.0,0.0000,Payment[Cash],9,group_9,adv to soyeb arifen khan-np
2022-08-01,CPV220800070,ND-0244,"Paid to Mr. Soyeb Arifen Khan for Mobil, mobil filter, diesel filter and air filter for Mitsubishi car purpose.",Nandigram Plant Cash,Cash-in-Hand,0.0,4430.0000,Payment[Cash],4,group_4,nandigram plant cash
2022-08-02,CPV220800071,ND-0259,"Paid to Mr. Soyeb Arifen Khan for GI pipe, air hose pipe and nipple.",Adv to Soyeb Arifen Khan-NP,Advance to Employee of NP,22390.0,0.0000,Payment[Cash],9,group_9,adv to soyeb arifen khan-np
2022-08-02,CPV220800071,ND-0259,"Paid to Mr. Soyeb Arifen Khan for GI pipe, air hose pipe and nipple.",Nandigram Plant Cash,Cash-in-Hand,0.0,22390.0000,Payment[Cash],4,group_4,nandigram plant cash
2022-08-02,CPV220800072,ND-0260,Paid to Mr. Soyeb Arifen Khan for Mobil.,Adv to Soyeb Arifen Khan-NP,Advance to Employee of NP,21600.0,0.0000,Payment[Cash],9,group_9,adv to soyeb arifen khan-np
2022-08-02,CPV220800072,ND-0260,Paid to Mr. Soyeb Arifen Khan for Mobil.,Nandigram Plant Cash,Cash-in-Hand,0.0,21600.0000,Payment[Cash],4,group_4,nandigram plant cash
2022-08-01,CPV220800073,ND-0245,For petrol 5 liters.,Fac Motor Cycle Fuel,Fac Car Fuel Expenses,500.0,0.0000,Payment[Cash],10,group_10,fac motor cycle fuel
2022-08-01,CPV220800073,ND-0245,For petrol 5 liters.,Nandigram Plant Cash,Cash-in-Hand,0.0,500.0000,Payment[Cash],4,group_4,nandigram plant cash
2022-08-01,CPV220800074,ND-0246,For diesel 87 liters.,Fac Fuel Exp.No.3727[Tata Pickup],Fac Car Fuel Expenses,7000.0,0.0000,Payment[Cash],43,group_43,fac fuel exp.no.
2022-08-01,CPV220800074,ND-0246,For diesel 87 liters.,Nandigram Plant Cash,Cash-in-Hand,0.0,7000.0000,Payment[Cash],4,group_4,nandigram plant cash
2022-08-01,CPV220800075,ND-0247,For diesel 62 liters.,Fac Fuel Exp.No.13-4732[Mitsubishi],Fac Car Fuel Expenses,5000.0,0.0000,Payment[Cash],43,group_43,fac fuel exp.no. -
2022-08-01,CPV220800075,ND-0247,For diesel 62 liters.,Nandigram Plant Cash,Cash-in-Hand,0.0,5000.0000,Payment[Cash],4,group_4,nandigram plant cash
2022-08-01,CPV220800076,ND-0248,Special allowance for night duty.,Fac Snacks Expenses for Night Duty-Officer & Staff,Fac Canteen Expenses,3650.0,0.0000,Payment[Cash],5,group_5,fac snacks expenses for night duty-officer & staff
2022-08-01,CPV220800076,ND-0248,Special allowance for night duty.,Nandigram Plant Cash,Cash-in-Hand,0.0,3650.0000,Payment[Cash],4,group_4,nandigram plant cash
2022-08-01,CPV220800077,ND-0249,Special allowance for night duty.,Fac Snacks Expenses for Night Duty-Workers,Factory Overhead (Direct),6825.0,0.0000,Payment[Cash],5,group_5,fac snacks expenses for night duty-workers
2022-08-01,CPV220800077,ND-0249,Special allowance for night duty.,Nandigram Plant Cash,Cash-in-Hand,0.0,6825.0000,Payment[Cash],4,group_4,nandigram plant cash
2022-08-01,CPV220800078,C-0396,"Paid to MR. Mujibur Rahman as advance agt.PO-22070258,22070256",Adv to Mujibur Rahman-HO,Advance to Employee of HO,16800.0,0.0000,Payment[Cash],11,group_11,adv to mujibur rahman-ho
2022-08-01,CPV220800078,C-0396,"Paid to MR. Mujibur Rahman as advance agt.PO-22070258,22070256",Adv to Mujibur Rahman-HO,Advance to Employee of HO,27500.0,0.0000,Payment[Cash],11,group_11,adv to mujibur rahman-ho
2022-08-01,CPV220800078,C-0396,"Paid to MR. Mujibur Rahman as advance agt.PO-22070258,22070256",Head Office Cash,Cash-in-Hand,0.0,44300.0000,Payment[Cash],12,group_12,head office cash
2022-08-01,CPV220800078,ND-0250,Sweet for milad month of July\' 2022.,Fac Milad Expense,Fac Recreation & Ceremonies Exp.,1040.0,0.0000,Payment[Cash],5,group_5,fac milad expense
2022-08-01,CPV220800078,ND-0250,Sweet for milad month of July\' 2022.,Nandigram Plant Cash,Cash-in-Hand,0.0,1040.0000,Payment[Cash],4,group_4,nandigram plant cash
2022-08-01,CPV220800079,ND-0251,Net mending and khachi for gardening.,Fac Agri. & Gardening,Factory Overhead (Indirect),700.0,0.0000,Payment[Cash],13,group_13,fac agri. & gardening
2022-08-01,CPV220800079,ND-0251,Net mending and khachi for gardening.,Nandigram Plant Cash,Cash-in-Hand,0.0,700.0000,Payment[Cash],4,group_4,nandigram plant cash
2022-08-01,CPV220800080,C-0397,"Paid to MR. Mujibur Rahman as advance agt.PO-22070262,22070260",Adv to Mujibur Rahman-HO,Advance to Employee of HO,2000.0,0.0000,Payment[Cash],11,group_11,adv to mujibur rahman-ho
2022-08-01,CPV220800080,C-0397,"Paid to MR. Mujibur Rahman as advance agt.PO-22070262,22070260",Adv to Mujibur Rahman-HO,Advance to Employee of HO,3000.0,0.0000,Payment[Cash],11,group_11,adv to mujibur rahman-ho
2022-08-01,CPV220800080,C-0397,"Paid to MR. Mujibur Rahman as advance agt.PO-22070262,22070260",Head Office Cash,Cash-in-Hand,0.0,5000.0000,Payment[Cash],12,group_12,head office cash
2022-08-01,CPV220800080,ND-0252,"Sheet cutting charge, labor charge, pipe bending and self screw for boiler maintenance.",Repairs & Maint-Fac Husk Boiler,Fac Repairs Maintenance,5270.0,0.0000,Payment[Cash],3,group_3,repairs & maint-fac husk boiler
2022-08-01,CPV220800080,ND-0252,"Sheet cutting charge, labor charge, pipe bending and self screw for boiler maintenance.",Nandigram Plant Cash,Cash-in-Hand,0.0,5270.0000,Payment[Cash],4,group_4,nandigram plant cash
2022-08-01,CPV220800081,ND-0253,"Wages paid, sheet cutting charge, hose pipe and hand glove for mechanical department.",Repairs & Maint-Fac P&M,Fac Repairs Maintenance,1760.0,0.0000,Payment[Cash],3,group_3,repairs & maint-fac p&m
2022-08-01,CPV220800081,ND-0253,"Wages paid, sheet cutting charge, hose pipe and hand glove for mechanical department.",Nandigram Plant Cash,Cash-in-Hand,0.0,1760.0000,Payment[Cash],4,group_4,nandigram plant cash
2022-08-01,CPV220800082,ND-0254,Entertainment for office guest.,Fac Entertainment,Factory Overhead (Indirect),1140.0,0.0000,Payment[Cash],14,group_14,fac entertainment
2022-08-01,CPV220800082,ND-0254,Entertainment for office guest.,Nandigram Plant Cash,Cash-in-Hand,0.0,1140.0000,Payment[Cash],4,group_4,nandigram plant cash
2022-08-01,CPV220800083,ND-0255,"Paid to Mr. Akram Hossin, PW-137 for his accidental expenses purpose.",Health Policy Expense,Staff Welfare Expenses,62660.0,0.0000,Payment[Cash],15,group_15,health policy expense
2022-08-01,CPV220800083,ND-0255,"Paid to Mr. Akram Hossin, PW-137 for his accidental expenses purpose.",Nandigram Plant Cash,Cash-in-Hand,0.0,62660.0000,Payment[Cash],4,group_4,nandigram plant cash
2022-08-01,CPV220800102,C-0400,"Paid to Mr. Shohidul Islam as advance agt.PO-22070220,22070168,22070171,22070175,22070169,22070209,22070090,22070041,","Adv to Shohidul Islam-Procurement,HO",Advance to Employee of HO,5700.0,0.0000,Payment[Cash],16,group_16,adv to shohidul islam-procurement ho
2022-08-01,CPV220800102,C-0400,"Paid to Mr. Shohidul Islam as advance agt.PO-22070220,22070168,22070171,22070175,22070169,22070209,22070090,22070041,","Adv to Shohidul Islam-Procurement,HO",Advance to Employee of HO,3800.0,0.0000,Payment[Cash],16,group_16,adv to shohidul islam-procurement ho
2022-08-01,CPV220800102,C-0400,"Paid to Mr. Shohidul Islam as advance agt.PO-22070220,22070168,22070171,22070175,22070169,22070209,22070090,22070041,","Adv to Shohidul Islam-Procurement,HO",Advance to Employee of HO,8400.0,0.0000,Payment[Cash],16,group_16,adv to shohidul islam-procurement ho
2022-08-01,CPV220800102,C-0400,"Paid to Mr. Shohidul Islam as advance agt.PO-22070220,22070168,22070171,22070175,22070169,22070209,22070090,22070041,","Adv to Shohidul Islam-Procurement,HO",Advance to Employee of HO,7950.0,0.0000,Payment[Cash],16,group_16,adv to shohidul islam-procurement ho
2022-08-01,CPV220800102,C-0400,"Paid to Mr. Shohidul Islam as advance agt.PO-22070220,22070168,22070171,22070175,22070169,22070209,22070090,22070041,","Adv to Shohidul Islam-Procurement,HO",Advance to Employee of HO,14000.0,0.0000,Payment[Cash],16,group_16,adv to shohidul islam-procurement ho
2022-08-01,CPV220800102,C-0400,"Paid to Mr. Shohidul Islam as advance agt.PO-22070220,22070168,22070171,22070175,22070169,22070209,22070090,22070041,","Adv to Shohidul Islam-Procurement,HO",Advance to Employee of HO,26000.0,0.0000,Payment[Cash],16,group_16,adv to shohidul islam-procurement ho
2022-08-01,CPV220800102,C-0400,"Paid to Mr. Shohidul Islam as advance agt.PO-22070220,22070168,22070171,22070175,22070169,22070209,22070090,22070041,","Adv to Shohidul Islam-Procurement,HO",Advance to Employee of HO,5500.0,0.0000,Payment[Cash],16,group_16,adv to shohidul islam-procurement ho
2022-08-01,CPV220800102,C-0400,"Paid to Mr. Shohidul Islam as advance agt.PO-22070220,22070168,22070171,22070175,22070169,22070209,22070090,22070041,","Adv to Shohidul Islam-Procurement,HO",Advance to Employee of HO,15300.0,0.0000,Payment[Cash],16,group_16,adv to shohidul islam-procurement ho
2022-08-01,CPV220800102,C-0400,"Paid to Mr. Shohidul Islam as advance agt.PO-22070220,22070168,22070171,22070175,22070169,22070209,22070090,22070041,",Head Office Cash,Cash-in-Hand,0.0,86650.0000,Payment[Cash],12,group_12,head office cash
2022-08-01,CPV220800103,C-0401,"Paid to Mr. Shohidul Islam for Stud Bolt,Nut with Washer,Hand Gloves,Safety Goggles,Self Screw Purchase bill from Towfiq & Brothers,Asian Tools,Barnali & Moni Engineering Works.",Repairs & Maint-Fac P&M,Fac Repairs Maintenance,13249.0,0.0000,Payment[Cash],3,group_3,repairs & maint-fac p&m
2022-08-01,CPV220800103,C-0401,"Paid to Mr. Shohidul Islam for Stud Bolt,Nut with Washer,Hand Gloves,Safety Goggles,Self Screw Purchase bill from Towfiq & Brothers,Asian Tools,Barnali & Moni Engineering Works.",BMRE of Hammer Mill Platform & Chain Conv.11Th P-VC/2022/007,BMRE of Separating Crushed & Non Crushed Items-VC/2022/007,1470.0,0.0000,Payment[Cash],17,group_17,bmre of hammer mill platform & chain conv. th p-vc/ /
2022-08-01,CPV220800103,C-0401,"Paid to Mr. Shohidul Islam for Stud Bolt,Nut with Washer,Hand Gloves,Safety Goggles,Self Screw Purchase bill from Towfiq & Brothers,Asian Tools,Barnali & Moni Engineering Works.",BMRE of Electrical Systems (7th Plant)-VC/2022/007,BMRE of Separating Crushed & Non Crushed Items-VC/2022/007,1400.0,0.0000,Payment[Cash],18,group_18,bmre of electrical systems -vc/ /
2022-08-01,CPV220800103,C-0401,"Paid to Mr. Shohidul Islam for Stud Bolt,Nut with Washer,Hand Gloves,Safety Goggles,Self Screw Purchase bill from Towfiq & Brothers,Asian Tools,Barnali & Moni Engineering Works.",Head Office Cash,Cash-in-Hand,0.0,16119.0000,Payment[Cash],12,group_12,head office cash
2022-08-01,CPV220800105,C-0417,Paid to MR. Jalal Uddin as advance agt.PO-22070339,Adv to Jalal Uddin-HO,Advance to Employee of HO,167000.0,0.0000,Payment[Cash],9,group_9,adv to jalal uddin-ho
2022-08-01,CPV220800105,C-0417,Paid to MR. Jalal Uddin as advance agt.PO-22070339,Head Office Cash,Cash-in-Hand,0.0,167000.0000,Payment[Cash],12,group_12,head office cash
2022-08-01,CPV220800106,BD-0292,"Truck fare for carrying maize, L/C# 426010068326.",Carriage Inward-Import,Carriage Inword-Import,72750.0,0.0000,Payment[Cash],8,group_8,carriage inward-import
2022-08-01,CPV220800106,BD-0292,"Truck fare for carrying maize, L/C# 426010068326.",Bogra Plant Cash,Cash-in-Hand,0.0,72750.0000,Payment[Cash],4,group_4,bogra plant cash
2022-08-01,CPV220800107,BD-0293,"Truck fare for carrying (Maize, L/C# 074922020217.",Carriage Inward-Import,Carriage Inword-Import,49240.0,0.0000,Payment[Cash],8,group_8,carriage inward-import
2022-08-01,CPV220800107,BD-0293,"Truck fare for carrying (Maize, L/C# 074922020217.",Bogra Plant Cash,Cash-in-Hand,0.0,49240.0000,Payment[Cash],4,group_4,bogra plant cash
2022-08-01,CPV220800108,BD-0294,"Truck fare for carrying Maize, L/C# 154422020347.",Carriage Inward-Import,Carriage Inword-Import,22400.0,0.0000,Payment[Cash],8,group_8,carriage inward-import
2022-08-01,CPV220800108,BD-0294,"Truck fare for carrying Maize, L/C# 154422020347.",Bogra Plant Cash,Cash-in-Hand,0.0,22400.0000,Payment[Cash],4,group_4,bogra plant cash
2022-08-01,CPV220800109,BD-0295,"Truck fare for carrying Maize, L/C# 154422020359.",Carriage Inward-Import,Carriage Inword-Import,12220.0,0.0000,Payment[Cash],8,group_8,carriage inward-import
2022-08-01,CPV220800109,BD-0295,"Truck fare for carrying Maize, L/C# 154422020359.",Bogra Plant Cash,Cash-in-Hand,0.0,12220.0000,Payment[Cash],4,group_4,bogra plant cash
2022-08-01,CPV220800110,BD-0296,Labour bill payment for ( 326729kg) maize unload.,Fac Loading & Unloading Exp.,Factory Overhead (Direct),21230.0,0.0000,Payment[Cash],19,group_19,fac loading & unloading exp.
2022-08-01,CPV220800110,BD-0296,Labour bill payment for ( 326729kg) maize unload.,Bogra Plant Cash,Cash-in-Hand,0.0,21230.0000,Payment[Cash],4,group_4,bogra plant cash
2022-08-02,CPV220800111,BD-0297,"Purchase of Staff shoe, socks, shoe ink, leather belt, shoe brush.",Adv to Enamul Haque-BP,Advance to Employee of BP,41500.0,0.0000,Payment[Cash],20,group_20,adv to enamul haque-bp
2022-08-02,CPV220800111,BD-0297,"Purchase of Staff shoe, socks, shoe ink, leather belt, shoe brush.",Bogra Plant Cash,Cash-in-Hand,0.0,41500.0000,Payment[Cash],4,group_4,bogra plant cash
2022-08-02,CPV220800112,BD-0298,"Labour bill payment for New internal road, 8th plant silo, 9th plant begging pellet lifting pit & factory various maints & painting work purpose.",CWIP New Internal Road (Without Asphalt):DO/2022/002,BMRE of Shahjahanpur Factory:DO/2022/002,1900.0,0.0000,Payment[Cash],1,group_1,cwip new internal road do/ /
2022-08-02,CPV220800112,BD-0298,"Labour bill payment for New internal road, 8th plant silo, 9th plant begging pellet lifting pit & factory various maints & painting work purpose.",CWIP Civil Work of 7 RM Silo:VC/2022/014,CWIP Seven RM Silo in SP:VC/2022/014,7300.0,0.0000,Payment[Cash],2,group_2,cwip civil work of rm silo vc/ /
2022-08-02,CPV220800112,BD-0298,"Labour bill payment for New internal road, 8th plant silo, 9th plant begging pellet lifting pit & factory various maints & painting work purpose.",Repairs & Maint-Fac P&M,Fac Repairs Maintenance,1500.0,0.0000,Payment[Cash],3,group_3,repairs & maint-fac p&m
2022-08-02,CPV220800112,BD-0298,"Labour bill payment for New internal road, 8th plant silo, 9th plant begging pellet lifting pit & factory various maints & painting work purpose.",Repairs & Maint-Fac Building,Fac Repairs Maintenance,1400.0,0.0000,Payment[Cash],3,group_3,repairs & maint-fac building
2022-08-02,CPV220800112,BD-0298,"Labour bill payment for New internal road, 8th plant silo, 9th plant begging pellet lifting pit & factory various maints & painting work purpose.",Repairs & Maint-Others,Fac Repairs Maintenance,1550.0,0.0000,Payment[Cash],3,group_3,repairs & maint-others
2022-08-02,CPV220800112,BD-0298,"Labour bill payment for New internal road, 8th plant silo, 9th plant begging pellet lifting pit & factory various maints & painting work purpose.",Bogra Plant Cash,Cash-in-Hand,0.0,13650.0000,Payment[Cash],4,group_4,bogra plant cash
2022-08-02,CPV220800114,BD-0300,"Purchase of copper pipe, Bush for electric work & 5th plant pellet mill motor bearing repair purpose.",Repairs & Maint-Others,Fac Repairs Maintenance,35.0,0.0000,Payment[Cash],3,group_3,repairs & maint-others
2022-08-02,CPV220800114,BD-0300,"Purchase of copper pipe, Bush for electric work & 5th plant pellet mill motor bearing repair purpose.",Repairs & Maint-Electrical,Fac Repairs Maintenance,1700.0,0.0000,Payment[Cash],3,group_3,repairs & maint-electrical
2022-08-02,CPV220800114,BD-0300,"Purchase of copper pipe, Bush for electric work & 5th plant pellet mill motor bearing repair purpose.",Repairs & Maint-Fac P&M,Fac Repairs Maintenance,1420.0,0.0000,Payment[Cash],3,group_3,repairs & maint-fac p&m
2022-08-02,CPV220800114,BD-0300,"Purchase of copper pipe, Bush for electric work & 5th plant pellet mill motor bearing repair purpose.",Bogra Plant Cash,Cash-in-Hand,0.0,3155.0000,Payment[Cash],4,group_4,bogra plant cash
2022-08-02,CPV220800115,BD-0301,Purchase of paper cutting for weighing scale & Key bag for Accounts Dept.,Fac Stationery Exp.,Fac Printing & Stationery Exp.,890.0,0.0000,Payment[Cash],21,group_21,fac stationery exp.
2022-08-02,CPV220800115,BD-0301,Purchase of paper cutting for weighing scale & Key bag for Accounts Dept.,Bogra Plant Cash,Cash-in-Hand,0.0,890.0000,Payment[Cash],4,group_4,bogra plant cash
2022-08-02,CPV220800116,BD-0302,For Night duty.,Fac Snacks Expenses for Night Duty-Officer & Staff,Fac Canteen Expenses,1749.0,0.0000,Payment[Cash],5,group_5,fac snacks expenses for night duty-officer & staff
2022-08-02,CPV220800116,BD-0302,For Night duty.,Fac Snacks Expenses for Night Duty-Workers,Factory Overhead (Direct),992.0,0.0000,Payment[Cash],5,group_5,fac snacks expenses for night duty-workers
2022-08-02,CPV220800116,BD-0302,For Night duty.,Bogra Plant Cash,Cash-in-Hand,0.0,2741.0000,Payment[Cash],4,group_4,bogra plant cash
2022-08-01,CPV220800148,ND-0257,"Truck fare for carriage Maize, L/C No# 426010068326.",Carriage Inward-Import,Carriage Inword-Import,56480.0,0.0000,Payment[Cash],8,group_8,carriage inward-import
2022-08-01,CPV220800148,ND-0257,"Truck fare for carriage Maize, L/C No# 426010068326.",Nandigram Plant Cash,Cash-in-Hand,0.0,56480.0000,Payment[Cash],4,group_4,nandigram plant cash
2022-08-02,CPV220800148,C-0442,"Paid to MR. Abu Saleh Musa as advance agt.PO-22070309 For Engine Oil,Fuel Filter,Mobil,Air Cleaner Purchase Purpose.",Adv to Abu Saleh Musa-Procurement,Advance to Employee of HO,41200.0,0.0000,Payment[Cash],16,group_16,adv to abu saleh musa-procurement
2022-08-02,CPV220800148,C-0442,"Paid to MR. Abu Saleh Musa as advance agt.PO-22070309 For Engine Oil,Fuel Filter,Mobil,Air Cleaner Purchase Purpose.",Head Office Cash,Cash-in-Hand,0.0,41200.0000,Payment[Cash],12,group_12,head office cash
2022-08-01,CPV220800149,ND-0258,"Truck fare for carriage Maize, L/C No# 154422020359.",Carriage Inward-Import,Carriage Inword-Import,11650.0,0.0000,Payment[Cash],8,group_8,carriage inward-import
2022-08-01,CPV220800149,ND-0258,"Truck fare for carriage Maize, L/C No# 154422020359.",Nandigram Plant Cash,Cash-in-Hand,0.0,11650.0000,Payment[Cash],4,group_4,nandigram plant cash
2022-08-02,CPV220800154,BD-0304,"Truck fare for carrying maize, L/C# 426010068326.",Carriage Inward-Import,Carriage Inword-Import,70375.0,0.0000,Payment[Cash],8,group_8,carriage inward-import
2022-08-02,CPV220800154,BD-0304,"Truck fare for carrying maize, L/C# 426010068326.",Bogra Plant Cash,Cash-in-Hand,0.0,70375.0000,Payment[Cash],4,group_4,bogra plant cash
2022-08-01,CPV220800155,ND-0256,"Truck fare for carriage Maize, L/C No# 249022021506 ( 426010071679 ).",Carriage Inward-Import,Carriage Inword-Import,77940.0,0.0000,Payment[Cash],8,group_8,carriage inward-import
2022-08-01,CPV220800155,ND-0256,"Truck fare for carriage Maize, L/C No# 249022021506 ( 426010071679 ).",Nandigram Plant Cash,Cash-in-Hand,0.0,77940.0000,Payment[Cash],4,group_4,nandigram plant cash
2022-08-02,CPV220800156,BD-0305,"Truck fare for carrying Maize, L/C# 154422020359.",Carriage Inward-Import,Carriage Inword-Import,87310.0,0.0000,Payment[Cash],8,group_8,carriage inward-import
2022-08-02,CPV220800156,BD-0305,"Truck fare for carrying Maize, L/C# 154422020359.",Bogra Plant Cash,Cash-in-Hand,0.0,87310.0000,Payment[Cash],4,group_4,bogra plant cash
2022-08-02,CPV220800156,ND-0261,For diesel 98 liters.,Fac Fuel Exp.No.13-0505[JAC],Fac Car Fuel Expenses,7930.0,0.0000,Payment[Cash],43,group_43,fac fuel exp.no. -
2022-08-02,CPV220800156,ND-0261,For diesel 98 liters.,Nandigram Plant Cash,Cash-in-Hand,0.0,7930.0000,Payment[Cash],4,group_4,nandigram plant cash
2022-08-02,CPV220800157,BD-0306,"Truck fare for carrying (Maize, L/C# 074922020217.",Carriage Inward-Import,Carriage Inword-Import,85630.0,0.0000,Payment[Cash],8,group_8,carriage inward-import
2022-08-02,CPV220800157,BD-0306,"Truck fare for carrying (Maize, L/C# 074922020217.",Bogra Plant Cash,Cash-in-Hand,0.0,85630.0000,Payment[Cash],4,group_4,bogra plant cash
2022-08-02,CPV220800157,ND-0262,Special allowance for night duty.,Fac Snacks Expenses for Night Duty-Officer & Staff,Fac Canteen Expenses,3175.0,0.0000,Payment[Cash],5,group_5,fac snacks expenses for night duty-officer & staff
2022-08-02,CPV220800157,ND-0262,Special allowance for night duty.,Nandigram Plant Cash,Cash-in-Hand,0.0,3175.0000,Payment[Cash],4,group_4,nandigram plant cash
2022-08-02,CPV220800158,BD-0307,"Truck fare for carrying Maize, L/C# 141722020274.",Carriage Inward-Import,Carriage Inword-Import,24150.0,0.0000,Payment[Cash],8,group_8,carriage inward-import
2022-08-02,CPV220800158,BD-0307,"Truck fare for carrying Maize, L/C# 141722020274.",Bogra Plant Cash,Cash-in-Hand,0.0,24150.0000,Payment[Cash],4,group_4,bogra plant cash
2022-08-02,CPV220800158,ND-0263,Special allowance for night duty.,Fac Snacks Expenses for Night Duty-Workers,Factory Overhead (Direct),4625.0,0.0000,Payment[Cash],5,group_5,fac snacks expenses for night duty-workers
2022-08-02,CPV220800158,ND-0263,Special allowance for night duty.,Nandigram Plant Cash,Cash-in-Hand,0.0,4625.0000,Payment[Cash],4,group_4,nandigram plant cash
2022-08-02,CPV220800159,BD-0308,Labour bill payment for (285552 kg) maize unload.,Fac Loading & Unloading Exp.,Factory Overhead (Direct),18560.0,0.0000,Payment[Cash],19,group_19,fac loading & unloading exp.
2022-08-02,CPV220800159,BD-0308,Labour bill payment for (285552 kg) maize unload.,Bogra Plant Cash,Cash-in-Hand,0.0,18560.0000,Payment[Cash],4,group_4,bogra plant cash
2022-08-02,CPV220800160,ND-0264,"Duster, brush for cleaning and gas tablet for rat killing purpose.",Fac Cleaning & Washing,Factory Overhead (Indirect),1780.0,0.0000,Payment[Cash],22,group_22,fac cleaning & washing
2022-08-02,CPV220800160,ND-0264,"Duster, brush for cleaning and gas tablet for rat killing purpose.",Nandigram Plant Cash,Cash-in-Hand,0.0,1780.0000,Payment[Cash],4,group_4,nandigram plant cash
2022-08-03,CPV220800160,BD-0309,Purchase of Medicine for factory medical.,AP Supplier Payable,Sundry Creditors,6500.0,0.0000,Payment[Cash],23,group_23,ap supplier payable
2022-08-03,CPV220800160,BD-0309,Purchase of Medicine for factory medical.,Bogra Plant Cash,Cash-in-Hand,0.0,6500.0000,Payment[Cash],4,group_4,bogra plant cash
2022-08-02,CPV220800161,ND-0265,"Accidental exp. for Mr. Arafat ( Electrician ) and Mr. Mehedi, CW-800.",Fac Medical & Acc. Exp-General,Fac Medical Expenses,567.0,0.0000,Payment[Cash],24,group_24,fac medical & acc. exp-general
2022-08-02,CPV220800161,ND-0265,"Accidental exp. for Mr. Arafat ( Electrician ) and Mr. Mehedi, CW-800.",Nandigram Plant Cash,Cash-in-Hand,0.0,567.0000,Payment[Cash],4,group_4,nandigram plant cash
2022-08-02,CPV220800162,ND-0266,Socket and plug for electrical department purpose.,Repairs & Maint-Electrical,Fac Repairs Maintenance,1550.0,0.0000,Payment[Cash],3,group_3,repairs & maint-electrical
2022-08-02,CPV220800162,ND-0266,Socket and plug for electrical department purpose.,Nandigram Plant Cash,Cash-in-Hand,0.0,1550.0000,Payment[Cash],4,group_4,nandigram plant cash
2022-08-02,CPV220800163,ND-0267,Fooding Advance to M/S. Vai Vai Enterprise for office building - 1 painting work.,Repairs & Maint-Fac Building,Fac Repairs Maintenance,6600.0,0.0000,Payment[Cash],3,group_3,repairs & maint-fac building
2022-08-02,CPV220800163,ND-0267,Fooding Advance to M/S. Vai Vai Enterprise for office building - 1 painting work.,Nandigram Plant Cash,Cash-in-Hand,0.0,6600.0000,Payment[Cash],4,group_4,nandigram plant cash
2022-08-02,CPV220800165,ND-0268,"Truck fare for carriage Maize, L/C No# 249022021506. ( 426010071679 ).",Carriage Inward-Import,Carriage Inword-Import,51060.0,0.0000,Payment[Cash],8,group_8,carriage inward-import
2022-08-02,CPV220800165,ND-0268,"Truck fare for carriage Maize, L/C No# 249022021506. ( 426010071679 ).",Nandigram Plant Cash,Cash-in-Hand,0.0,51060.0000,Payment[Cash],4,group_4,nandigram plant cash
2022-08-02,CPV220800166,ND-0269,"Truck fare for carriage Maize, L/C No# 141722020274.",Carriage Inward-Import,Carriage Inword-Import,48030.0,0.0000,Payment[Cash],8,group_8,carriage inward-import
2022-08-02,CPV220800166,ND-0269,"Truck fare for carriage Maize, L/C No# 141722020274.",Nandigram Plant Cash,Cash-in-Hand,0.0,48030.0000,Payment[Cash],4,group_4,nandigram plant cash
2022-08-03,CPV220800167,ND-0270,Paid to Mr. Soyeb Arifen Khan for Non return valve.,Adv to Soyeb Arifen Khan-NP,Advance to Employee of NP,7400.0,0.0000,Payment[Cash],9,group_9,adv to soyeb arifen khan-np
2022-08-03,CPV220800167,ND-0270,Paid to Mr. Soyeb Arifen Khan for Non return valve.,Nandigram Plant Cash,Cash-in-Hand,0.0,7400.0000,Payment[Cash],4,group_4,nandigram plant cash
2022-08-02,CPV220800199,BD-0303,"Truck fare for carrying Maize, L/C# 249022021506/426010071679.",Carriage Inward-Import,Carriage Inword-Import,107570.0,0.0000,Payment[Cash],8,group_8,carriage inward-import
2022-08-02,CPV220800199,BD-0303,"Truck fare for carrying Maize, L/C# 249022021506/426010071679.",Bogra Plant Cash,Cash-in-Hand,0.0,107570.0000,Payment[Cash],4,group_4,bogra plant cash
2022-08-03,CPV220800199,C-0461,"Paid to Mr. Giyash Uddin for take Legal Action Purpose.(Initially a Creminal Case Filing agt. Dishi Firm 00001,Khan Traders 0012,Oishe Enterprise 0001,Enaet Mollah Traders 00001,Billal Poultry,Nodi Mostsho Vander0001,A And Enterprise 0001)",Legal & Professional Fee,Administrative Expenses,35000.0,0.0000,Payment[Cash],25,group_25,legal & professional fee
2022-08-03,CPV220800199,C-0461,"Paid to Mr. Giyash Uddin for take Legal Action Purpose.(Initially a Creminal Case Filing agt. Dishi Firm 00001,Khan Traders 0012,Oishe Enterprise 0001,Enaet Mollah Traders 00001,Billal Poultry,Nodi Mostsho Vander0001,A And Enterprise 0001)",Head Office Cash,Cash-in-Hand,0.0,35000.0000,Payment[Cash],12,group_12,head office cash
2022-08-03,CPV220800200,BD-0310,Purchase of Pad plate.,Adv to Enamul Haque-BP,Advance to Employee of BP,64000.0,0.0000,Payment[Cash],20,group_20,adv to enamul haque-bp
2022-08-03,CPV220800200,BD-0310,Purchase of Pad plate.,Bogra Plant Cash,Cash-in-Hand,0.0,64000.0000,Payment[Cash],4,group_4,bogra plant cash
2022-08-03,CPV220800200,C-0460,Paid to MR. Robbin Miah Supporting Staff Head Office for M.D.Sir daraz bill,Current Account with IBS,"Current Account with Directors\', '345.0000",0.0,Payment[Cash],,26,group_26,current account with ibs
2022-08-03,CPV220800200,C-0460,Paid to MR. Robbin Miah Supporting Staff Head Office for M.D.Sir daraz bill,Head Office Cash,Cash-in-Hand,0.0,345.0000,Payment[Cash],12,group_12,head office cash
2022-08-03,CPV220800201,BD-0311,Purchase of MS Sheet.,Adv to Enamul Haque-BP,Advance to Employee of BP,12000.0,0.0000,Payment[Cash],20,group_20,adv to enamul haque-bp
2022-08-03,CPV220800201,BD-0311,Purchase of MS Sheet.,Bogra Plant Cash,Cash-in-Hand,0.0,12000.0000,Payment[Cash],4,group_4,bogra plant cash
2022-08-03,CPV220800201,C-0458,Paid to MR. Fakrul Islam Farm Worker at Hobigonj Broiler Shed Unit-2 Medical Financial Support Bill.,Health Policy Expense,Staff Welfare Expenses,6000.0,0.0000,Payment[Cash],15,group_15,health policy expense
2022-08-03,CPV220800201,C-0458,Paid to MR. Fakrul Islam Farm Worker at Hobigonj Broiler Shed Unit-2 Medical Financial Support Bill.,Head Office Cash,Cash-in-Hand,0.0,6000.0000,Payment[Cash],12,group_12,head office cash
2022-08-03,CPV220800202,BD-0312,Purchase of MS Plate.,Adv to Enamul Haque-BP,Advance to Employee of BP,31500.0,0.0000,Payment[Cash],20,group_20,adv to enamul haque-bp
2022-08-03,CPV220800202,BD-0312,Purchase of MS Plate.,Bogra Plant Cash,Cash-in-Hand,0.0,31500.0000,Payment[Cash],4,group_4,bogra plant cash
2022-08-03,CPV220800202,C-0457,Paid to Mr. Maruf Ex.Officer For Zakat Purpose.,Current Account with MKR,"Current Account with Directors\', '7150.0000",0.0,Payment[Cash],,29,group_29,current account with mkr
2022-08-03,CPV220800202,C-0457,Paid to Mr. Maruf Ex.Officer For Zakat Purpose.,Head Office Cash,Cash-in-Hand,0.0,7150.0000,Payment[Cash],12,group_12,head office cash
2022-08-03,CPV220800203,C-0462,Paid to MR. Alauddin Labor at Chaktai Depot for Medical Financial Support Bill.,Health Policy Expense,Staff Welfare Expenses,5045.0,0.0000,Payment[Cash],15,group_15,health policy expense
2022-08-03,CPV220800203,C-0462,Paid to MR. Alauddin Labor at Chaktai Depot for Medical Financial Support Bill.,Head Office Cash,Cash-in-Hand,0.0,5045.0000,Payment[Cash],12,group_12,head office cash
2022-08-03,CPV220800203,BD-0313,"Labour bill payment for New internal road, 8th plant silo, New RM Godown & 7th plant bagging pellet lifting & other maints work purpose.",CWIP Civil Work of 7 RM Silo:VC/2022/014,CWIP Seven RM Silo in SP:VC/2022/014,6300.0,0.0000,Payment[Cash],2,group_2,cwip civil work of rm silo vc/ /
2022-08-03,CPV220800203,BD-0313,"Labour bill payment for New internal road, 8th plant silo, New RM Godown & 7th plant bagging pellet lifting & other maints work purpose.",CWIP New Internal Road (Without Asphalt):DO/2022/002,BMRE of Shahjahanpur Factory:DO/2022/002,1300.0,0.0000,Payment[Cash],1,group_1,cwip new internal road do/ /
2022-08-03,CPV220800203,BD-0313,"Labour bill payment for New internal road, 8th plant silo, New RM Godown & 7th plant bagging pellet lifting & other maints work purpose.",Repairs & Maint-RM Godown & Sheds,Fac Repairs Maintenance,600.0,0.0000,Payment[Cash],27,group_27,repairs & maint-rm godown & sheds
2022-08-03,CPV220800203,BD-0313,"Labour bill payment for New internal road, 8th plant silo, New RM Godown & 7th plant bagging pellet lifting & other maints work purpose.",Repairs & Maint-Fac Building,Fac Repairs Maintenance,700.0,0.0000,Payment[Cash],3,group_3,repairs & maint-fac building
2022-08-03,CPV220800203,BD-0313,"Labour bill payment for New internal road, 8th plant silo, New RM Godown & 7th plant bagging pellet lifting & other maints work purpose.",Repairs & Maint-Others,Fac Repairs Maintenance,2100.0,0.0000,Payment[Cash],3,group_3,repairs & maint-others
2022-08-03,CPV220800203,BD-0313,"Labour bill payment for New internal road, 8th plant silo, New RM Godown & 7th plant bagging pellet lifting & other maints work purpose.",Bogra Plant Cash,Cash-in-Hand,0.0,11000.0000,Payment[Cash],4,group_4,bogra plant cash
2022-08-03,CPV220800204,C-0463,Paid to Mr. Mustafizur Rahman Ex.Officer RIC at RO.B\'baria for Medical Financial Support Bill,Health Policy Expense,Staff Welfare Expenses,10000.0,0.0000,Payment[Cash],15,group_15,health policy expense
2022-08-03,CPV220800204,C-0463,Paid to Mr. Mustafizur Rahman Ex.Officer RIC at RO.B\'baria for Medical Financial Support Bill,Head Office Cash,Cash-in-Hand,0.0,10000.0000,Payment[Cash],12,group_12,head office cash
2022-08-03,CPV220800204,BD-0314,Amount paid to ullahpara labour mess cook bill.,Other Cost for Local RM,Local Purchase,4200.0,0.0000,Payment[Cash],28,group_28,other cost for local rm
2022-08-03,CPV220800204,BD-0314,Amount paid to ullahpara labour mess cook bill.,Bogra Plant Cash,Cash-in-Hand,0.0,4200.0000,Payment[Cash],4,group_4,bogra plant cash
2022-08-03,CPV220800205,BD-0315,Amount paid to renewal of UP Trade license fee-2022-23.,Fac Registration & Renewal,Factory Overhead (Indirect),5750.0,0.0000,Payment[Cash],7,group_7,fac registration & renewal
2022-08-03,CPV220800205,BD-0315,Amount paid to renewal of UP Trade license fee-2022-23.,Bogra Plant Cash,Cash-in-Hand,0.0,5750.0000,Payment[Cash],4,group_4,bogra plant cash
2022-08-03,CPV220800205,C-0464,Paid to MR. Motilal Roy Gardener Head Office QFL For M.D. Sir Use Plant Purchase bill,Current Account with IBS,"Current Account with Directors\', '7500.0000",0.0,Payment[Cash],,26,group_26,current account with ibs
2022-08-03,CPV220800205,C-0464,Paid to MR. Motilal Roy Gardener Head Office QFL For M.D. Sir Use Plant Purchase bill,Head Office Cash,Cash-in-Hand,0.0,7500.0000,Payment[Cash],12,group_12,head office cash
2022-08-03,CPV220800206,BD-0316,Amount paid to maints of 3 wheeler.,Repairs & Maint-3 Wheeler,Fac Repairs Maintenance,900.0,0.0000,Payment[Cash],3,group_3,repairs & maint- wheeler
2022-08-03,CPV220800206,BD-0316,Amount paid to maints of 3 wheeler.,Bogra Plant Cash,Cash-in-Hand,0.0,900.0000,Payment[Cash],4,group_4,bogra plant cash
2022-08-03,CPV220800206,C-0465,Paid to MR. Kalam Sr.Deriver Head Office QFL For Driver Lunch bill 1 Person,Current Account with Safir Sir (Personal),Current Account with Safir Rahman,2500.0,0.0000,Payment[Cash],29,group_29,current account with safir sir
2022-08-03,CPV220800206,C-0465,Paid to MR. Kalam Sr.Deriver Head Office QFL For Driver Lunch bill 1 Person,Head Office Cash,Cash-in-Hand,0.0,2500.0000,Payment[Cash],12,group_12,head office cash
2022-08-03,CPV220800207,C-0466,Paid to MR. Moniruzzaman Sr.Officer Head Office QFL Admin Deptt. for Gree Brand Dehumidifier Purchase bill Model No: GD -24NL from Chowdhury Electronics.,Current Account with IBS,"Current Account with Directors\', '18850.0000",0.0,Payment[Cash],,26,group_26,current account with ibs
2022-08-03,CPV220800207,C-0466,Paid to MR. Moniruzzaman Sr.Officer Head Office QFL Admin Deptt. for Gree Brand Dehumidifier Purchase bill Model No: GD -24NL from Chowdhury Electronics.,Head Office Cash,Cash-in-Hand,0.0,18850.0000,Payment[Cash],12,group_12,head office cash
2022-08-03,CPV220800208,BD-0317,"Truck fare for carrying Maize, L/C# 249022021506/71679.",Carriage Inward-Import,Carriage Inword-Import,26840.0,0.0000,Payment[Cash],8,group_8,carriage inward-import
2022-08-03,CPV220800208,BD-0317,"Truck fare for carrying Maize, L/C# 249022021506/71679.",Bogra Plant Cash,Cash-in-Hand,0.0,26840.0000,Payment[Cash],4,group_4,bogra plant cash
2022-08-04,CPV220800208,C-0478,Paid to MR. Faruk Sr.Deriver QFL For Driver Lunch Bill 1 Person,Current Account with Basir Rahman,"Current Account with Directors\', '2500.0000",0.0,Payment[Cash],,11,group_11,current account with basir rahman
2022-08-04,CPV220800208,C-0478,Paid to MR. Faruk Sr.Deriver QFL For Driver Lunch Bill 1 Person,Head Office Cash,Cash-in-Hand,0.0,2500.0000,Payment[Cash],12,group_12,head office cash
2022-08-03,CPV220800209,BD-0318,"Truck fare for carrying Maize, L/C# 222822021397.",Carriage Inward-Import,Carriage Inword-Import,65400.0,0.0000,Payment[Cash],8,group_8,carriage inward-import
2022-08-03,CPV220800209,BD-0318,"Truck fare for carrying Maize, L/C# 222822021397.",Bogra Plant Cash,Cash-in-Hand,0.0,65400.0000,Payment[Cash],4,group_4,bogra plant cash
2022-08-04,CPV220800209,C-0477,Mr. Jonaed Ahmaed Jr. Sales Officer at Shambugonj Depot under Brahmaputra Zone,MKT Travelling Expenses,Marketing Expenses,1845.0,0.0000,Payment[Cash],30,group_30,mkt travelling expenses
2022-08-04,CPV220800209,C-0477,Mr. Jonaed Ahmaed Jr. Sales Officer at Shambugonj Depot under Brahmaputra Zone,MKT Dearness Allowance,Marketing Expenses,2600.0,0.0000,Payment[Cash],30,group_30,mkt dearness allowance
2022-08-04,CPV220800209,C-0477,Mr. Jonaed Ahmaed Jr. Sales Officer at Shambugonj Depot under Brahmaputra Zone,Head Office Cash,Cash-in-Hand,0.0,4445.0000,Payment[Cash],12,group_12,head office cash
2022-08-03,CPV220800210,BD-0319,"Truck fare for carrying Maize, L/C# 154422020359.",Carriage Inward-Import,Carriage Inword-Import,45120.0,0.0000,Payment[Cash],8,group_8,carriage inward-import
2022-08-03,CPV220800210,BD-0319,"Truck fare for carrying Maize, L/C# 154422020359.",Bogra Plant Cash,Cash-in-Hand,0.0,45120.0000,Payment[Cash],4,group_4,bogra plant cash
2022-08-04,CPV220800210,C-0482,"Paid to MR.Shohidul Islam as advance agt.PO-22080001,22070176-Safety Shoe,Apron Purchase Purpose.","Adv to Shohidul Islam-Procurement,HO",Advance to Employee of HO,7000.0,0.0000,Payment[Cash],16,group_16,adv to shohidul islam-procurement ho
2022-08-04,CPV220800210,C-0482,"Paid to MR.Shohidul Islam as advance agt.PO-22080001,22070176-Safety Shoe,Apron Purchase Purpose.","Adv to Shohidul Islam-Procurement,HO",Advance to Employee of HO,58300.0,0.0000,Payment[Cash],16,group_16,adv to shohidul islam-procurement ho
2022-08-04,CPV220800210,C-0482,"Paid to MR.Shohidul Islam as advance agt.PO-22080001,22070176-Safety Shoe,Apron Purchase Purpose.",Head Office Cash,Cash-in-Hand,0.0,65300.0000,Payment[Cash],12,group_12,head office cash
2022-08-03,CPV220800211,BD-0320,"Truck fare for carrying Maize, L/C# 141722020274.",Carriage Inward-Import,Carriage Inword-Import,76510.0,0.0000,Payment[Cash],8,group_8,carriage inward-import
2022-08-03,CPV220800211,BD-0320,"Truck fare for carrying Maize, L/C# 141722020274.",Bogra Plant Cash,Cash-in-Hand,0.0,76510.0000,Payment[Cash],4,group_4,bogra plant cash
2022-08-03,CPV220800212,BD-0321,"Truck fare for carrying Maize, L/C# 074922020217.",Carriage Inward-Import,Carriage Inword-Import,21990.0,0.0000,Payment[Cash],8,group_8,carriage inward-import
2022-08-03,CPV220800212,BD-0321,"Truck fare for carrying Maize, L/C# 074922020217.",Bogra Plant Cash,Cash-in-Hand,0.0,21990.0000,Payment[Cash],4,group_4,bogra plant cash
2022-08-03,CPV220800213,BD-0322,"Truck fare for carrying Maize, L/C# 074922020215.",Carriage Inward-Import,Carriage Inword-Import,24540.0,0.0000,Payment[Cash],8,group_8,carriage inward-import
2022-08-03,CPV220800213,BD-0322,"Truck fare for carrying Maize, L/C# 074922020215.",Bogra Plant Cash,Cash-in-Hand,0.0,24540.0000,Payment[Cash],4,group_4,bogra plant cash
2022-08-03,CPV220800214,BD-0323,"Truck fare for carrying Maize, L/C# 074922020211.",Carriage Inward-Import,Carriage Inword-Import,24250.0,0.0000,Payment[Cash],8,group_8,carriage inward-import
2022-08-03,CPV220800214,BD-0323,"Truck fare for carrying Maize, L/C# 074922020211.",Bogra Plant Cash,Cash-in-Hand,0.0,24250.0000,Payment[Cash],4,group_4,bogra plant cash
2022-08-03,CPV220800215,BD-0324,Labour bill payment for ( 377498kg) maize unload.,Fac Loading & Unloading Exp.,Factory Overhead (Direct),24530.0,0.0000,Payment[Cash],19,group_19,fac loading & unloading exp.
2022-08-03,CPV220800215,BD-0324,Labour bill payment for ( 377498kg) maize unload.,Bogra Plant Cash,Cash-in-Hand,0.0,24530.0000,Payment[Cash],4,group_4,bogra plant cash
2022-08-04,CPV220800216,BD-0325,Salary payment for the month of July\'22.,Salary & Allowances Payable,Liabilities for Expenses,189678.0,0.0000,Payment[Cash],31,group_31,salary & allowances payable
2022-08-04,CPV220800216,BD-0325,Salary payment for the month of July\'22.,Salary & Allowances Payable,Liabilities for Expenses,1740168.0,0.0000,Payment[Cash],31,group_31,salary & allowances payable
2022-08-04,CPV220800216,BD-0325,Salary payment for the month of July\'22.,CW Salary & Allowances Payable,Liabilities for Expenses,2079405.0,0.0000,Payment[Cash],31,group_31,cw salary & allowances payable
2022-08-04,CPV220800216,BD-0325,Salary payment for the month of July\'22.,Bogra Plant Cash,Cash-in-Hand,0.0,4009251.0000,Payment[Cash],4,group_4,bogra plant cash
2022-08-03,CPV220800216,ND-0272,"Truck fare for carriage Maize, L/C No# 249022021506. ( 426010071679 ).",Carriage Inward-Import,Carriage Inword-Import,24600.0,0.0000,Payment[Cash],8,group_8,carriage inward-import
2022-08-03,CPV220800216,ND-0272,"Truck fare for carriage Maize, L/C No# 249022021506. ( 426010071679 ).",Nandigram Plant Cash,Cash-in-Hand,0.0,24600.0000,Payment[Cash],4,group_4,nandigram plant cash
2022-08-04,CPV220800217,BD-0326,House rent payment for the month of July\'22.,Staff House Rent Payable,Liabilities for Expenses,106700.0,0.0000,Payment[Cash],32,group_32,staff house rent payable
2022-08-04,CPV220800217,BD-0326,House rent payment for the month of July\'22.,Bogra Plant Cash,Cash-in-Hand,0.0,106700.0000,Payment[Cash],4,group_4,bogra plant cash
2022-08-03,CPV220800217,ND-0273,"Truck fare for carriage Maize, L/C No# 074922020215.",Carriage Inward-Import,Carriage Inword-Import,92300.0,0.0000,Payment[Cash],8,group_8,carriage inward-import
2022-08-03,CPV220800217,ND-0273,"Truck fare for carriage Maize, L/C No# 074922020215.",Nandigram Plant Cash,Cash-in-Hand,0.0,92300.0000,Payment[Cash],4,group_4,nandigram plant cash
2022-08-04,CPV220800218,BD-0327,Out of Pocket payment for the month of July\'22.,Out of Pocket Payable,Liabilities for Expenses,200300.0,0.0000,Payment[Cash],33,group_33,out of pocket payable
2022-08-04,CPV220800218,BD-0327,Out of Pocket payment for the month of July\'22.,Bogra Plant Cash,Cash-in-Hand,0.0,200300.0000,Payment[Cash],4,group_4,bogra plant cash
2022-08-03,CPV220800218,ND-0274,"Truck fare for carriage Maize, L/C No# 154422020359.",Carriage Inward-Import,Carriage Inword-Import,49720.0,0.0000,Payment[Cash],8,group_8,carriage inward-import
2022-08-03,CPV220800218,ND-0274,"Truck fare for carriage Maize, L/C No# 154422020359.",Nandigram Plant Cash,Cash-in-Hand,0.0,49720.0000,Payment[Cash],4,group_4,nandigram plant cash
2022-08-04,CPV220800219,BD-0328,"Car Allowance payment to Md. Jasim Uddin, AD ( PIC) for the month of July\'22.",Fac Car Allowance,Fac Salary & Allowance,48000.0,0.0000,Payment[Cash],59,group_59,fac car allowance
2022-08-04,CPV220800219,BD-0328,"Car Allowance payment to Md. Jasim Uddin, AD ( PIC) for the month of July\'22.",Bogra Plant Cash,Cash-in-Hand,0.0,48000.0000,Payment[Cash],4,group_4,bogra plant cash
2022-08-03,CPV220800219,ND-0275,"Truck fare for carriage Maize, L/C No# 141722020274.",Carriage Inward-Import,Carriage Inword-Import,25940.0,0.0000,Payment[Cash],8,group_8,carriage inward-import
2022-08-03,CPV220800219,ND-0275,"Truck fare for carriage Maize, L/C No# 141722020274.",Nandigram Plant Cash,Cash-in-Hand,0.0,25940.0000,Payment[Cash],4,group_4,nandigram plant cash
2022-08-04,CPV220800220,BD-0329,"Utility & Medical bill payment to Md. Jasim Uddin, AD ( PIC) for the month of July\'22.",Fac Utilities Bill-AD(Jasim Uddin Biplop),Factory Overhead (Indirect),15000.0,0.0000,Payment[Cash],34,group_34,fac utilities bill-ad
2022-08-04,CPV220800220,BD-0329,"Utility & Medical bill payment to Md. Jasim Uddin, AD ( PIC) for the month of July\'22.",Bogra Plant Cash,Cash-in-Hand,0.0,15000.0000,Payment[Cash],4,group_4,bogra plant cash
2022-08-04,CPV220800220,ND-0276,"Paid to Mr. Shahadat Hossain for 85 decimal land purchase advance against voucher No# ND-1546, ND-1943, ND-0099, ND-0992, ND-1234 and ND-2106, Date: 19.01.2021, 14.03.2021, 18.07.2021, 10.11.2021, 13.12.2021 and 24.04.2022",Land & Land Development-NP,Land & Land Development-NP,3036000.0,0.0000,Payment[Cash],35,group_35,land & land development-np
2022-08-04,CPV220800220,ND-0276,"Paid to Mr. Shahadat Hossain for 85 decimal land purchase advance against voucher No# ND-1546, ND-1943, ND-0099, ND-0992, ND-1234 and ND-2106, Date: 19.01.2021, 14.03.2021, 18.07.2021, 10.11.2021, 13.12.2021 and 24.04.2022",Adv to Ataul Haque Mohan-BP,Advance to Employee of NP,0.0,200000.0000,Payment[Cash],20,group_20,adv to ataul haque mohan-bp
2022-08-04,CPV220800220,ND-0276,"Paid to Mr. Shahadat Hossain for 85 decimal land purchase advance against voucher No# ND-1546, ND-1943, ND-0099, ND-0992, ND-1234 and ND-2106, Date: 19.01.2021, 14.03.2021, 18.07.2021, 10.11.2021, 13.12.2021 and 24.04.2022",Adv to Ataul Haque Mohan-BP,Advance to Employee of NP,0.0,150000.0000,Payment[Cash],20,group_20,adv to ataul haque mohan-bp
2022-08-04,CPV220800220,ND-0276,"Paid to Mr. Shahadat Hossain for 85 decimal land purchase advance against voucher No# ND-1546, ND-1943, ND-0099, ND-0992, ND-1234 and ND-2106, Date: 19.01.2021, 14.03.2021, 18.07.2021, 10.11.2021, 13.12.2021 and 24.04.2022",Adv to Ataul Haque Mohan-BP,Advance to Employee of NP,0.0,250000.0000,Payment[Cash],20,group_20,adv to ataul haque mohan-bp
2022-08-04,CPV220800220,ND-0276,"Paid to Mr. Shahadat Hossain for 85 decimal land purchase advance against voucher No# ND-1546, ND-1943, ND-0099, ND-0992, ND-1234 and ND-2106, Date: 19.01.2021, 14.03.2021, 18.07.2021, 10.11.2021, 13.12.2021 and 24.04.2022",Adv to Ataul Haque Mohan-BP,Advance to Employee of NP,0.0,300000.0000,Payment[Cash],20,group_20,adv to ataul haque mohan-bp
2022-08-04,CPV220800220,ND-0276,"Paid to Mr. Shahadat Hossain for 85 decimal land purchase advance against voucher No# ND-1546, ND-1943, ND-0099, ND-0992, ND-1234 and ND-2106, Date: 19.01.2021, 14.03.2021, 18.07.2021, 10.11.2021, 13.12.2021 and 24.04.2022",Adv to Ataul Haque Mohan-BP,Advance to Employee of NP,0.0,1000000.0000,Payment[Cash],20,group_20,adv to ataul haque mohan-bp
2022-08-04,CPV220800220,ND-0276,"Paid to Mr. Shahadat Hossain for 85 decimal land purchase advance against voucher No# ND-1546, ND-1943, ND-0099, ND-0992, ND-1234 and ND-2106, Date: 19.01.2021, 14.03.2021, 18.07.2021, 10.11.2021, 13.12.2021 and 24.04.2022",Adv to Ataul Haque Mohan-BP,Advance to Employee of NP,0.0,300000.0000,Payment[Cash],20,group_20,adv to ataul haque mohan-bp
2022-08-04,CPV220800220,ND-0276,"Paid to Mr. Shahadat Hossain for 85 decimal land purchase advance against voucher No# ND-1546, ND-1943, ND-0099, ND-0992, ND-1234 and ND-2106, Date: 19.01.2021, 14.03.2021, 18.07.2021, 10.11.2021, 13.12.2021 and 24.04.2022",Nandigram Plant Cash,Cash-in-Hand,0.0,836000.0000,Payment[Cash],4,group_4,nandigram plant cash
2022-08-04,CPV220800221,BD-0330,Purchase of revenue stamp for cash payment of Salary & Wages July\'22.,"Fac Postage,Stamp & Courier",Factory Overhead (Indirect),4010.0,0.0000,Payment[Cash],36,group_36,fac postage stamp & courier
2022-08-04,CPV220800221,BD-0330,Purchase of revenue stamp for cash payment of Salary & Wages July\'22.,Bogra Plant Cash,Cash-in-Hand,0.0,4010.0000,Payment[Cash],4,group_4,bogra plant cash
2022-08-04,CPV220800221,ND-0277,"Paid to Mr. Rezaul Karim, Sr. Officer ( Admin ) for 85 decimal land purchase registration cost advance against voucher No# ND-1235, Date: 13.12.2021",Land & Land Development-NP,Land & Land Development-NP,274940.0,0.0000,Payment[Cash],35,group_35,land & land development-np
2022-08-04,CPV220800221,ND-0277,"Paid to Mr. Rezaul Karim, Sr. Officer ( Admin ) for 85 decimal land purchase registration cost advance against voucher No# ND-1235, Date: 13.12.2021",Adv to Ataul Haque Mohan-BP,Advance to Employee of NP,0.0,200000.0000,Payment[Cash],20,group_20,adv to ataul haque mohan-bp
2022-08-04,CPV220800221,ND-0277,"Paid to Mr. Rezaul Karim, Sr. Officer ( Admin ) for 85 decimal land purchase registration cost advance against voucher No# ND-1235, Date: 13.12.2021",Nandigram Plant Cash,Cash-in-Hand,0.0,74940.0000,Payment[Cash],4,group_4,nandigram plant cash
2022-08-04,CPV220800222,BD-0331,"Labour bill payment for New internal road, 8th plant silo, New RM Godown & 5/6th plant machinery paint, scub room repair & Boring soil test purpose.",CWIP Civil Work of 7 RM Silo:VC/2022/014,CWIP Seven RM Silo in SP:VC/2022/014,4900.0,0.0000,Payment[Cash],2,group_2,cwip civil work of rm silo vc/ /
2022-08-04,CPV220800222,BD-0331,"Labour bill payment for New internal road, 8th plant silo, New RM Godown & 5/6th plant machinery paint, scub room repair & Boring soil test purpose.",CWIP New Internal Road (Without Asphalt):DO/2022/002,BMRE of Shahjahanpur Factory:DO/2022/002,3200.0,0.0000,Payment[Cash],1,group_1,cwip new internal road do/ /
2022-08-04,CPV220800222,BD-0331,"Labour bill payment for New internal road, 8th plant silo, New RM Godown & 5/6th plant machinery paint, scub room repair & Boring soil test purpose.",Repairs & Maint-RM Godown & Sheds,Fac Repairs Maintenance,600.0,0.0000,Payment[Cash],27,group_27,repairs & maint-rm godown & sheds
2022-08-04,CPV220800222,BD-0331,"Labour bill payment for New internal road, 8th plant silo, New RM Godown & 5/6th plant machinery paint, scub room repair & Boring soil test purpose.",Repairs & Maint-Fac P&M,Fac Repairs Maintenance,1500.0,0.0000,Payment[Cash],3,group_3,repairs & maint-fac p&m
2022-08-04,CPV220800222,BD-0331,"Labour bill payment for New internal road, 8th plant silo, New RM Godown & 5/6th plant machinery paint, scub room repair & Boring soil test purpose.",Repairs & Maint-Others,Fac Repairs Maintenance,3500.0,0.0000,Payment[Cash],3,group_3,repairs & maint-others
2022-08-04,CPV220800222,BD-0331,"Labour bill payment for New internal road, 8th plant silo, New RM Godown & 5/6th plant machinery paint, scub room repair & Boring soil test purpose.",Bogra Plant Cash,Cash-in-Hand,0.0,13700.0000,Payment[Cash],4,group_4,bogra plant cash
2022-08-04,CPV220800222,ND-0278,"Salary paid to officer-Staff Tk. 290421/=, Permanet worker Tk. 1088445/= and Casul worker Tk. 2365620/= for the month of July\' 2022.",Salary & Allowances Payable,Liabilities for Expenses,1378866.0,0.0000,Payment[Cash],31,group_31,salary & allowances payable
2022-08-04,CPV220800222,ND-0278,"Salary paid to officer-Staff Tk. 290421/=, Permanet worker Tk. 1088445/= and Casul worker Tk. 2365620/= for the month of July\' 2022.",CW Salary & Allowances Payable,Liabilities for Expenses,2365620.0,0.0000,Payment[Cash],31,group_31,cw salary & allowances payable
2022-08-04,CPV220800222,ND-0278,"Salary paid to officer-Staff Tk. 290421/=, Permanet worker Tk. 1088445/= and Casul worker Tk. 2365620/= for the month of July\' 2022.",Nandigram Plant Cash,Cash-in-Hand,0.0,3744486.0000,Payment[Cash],4,group_4,nandigram plant cash
2022-08-04,CPV220800223,BD-0332,For Office Canteen purpose.,Fac Canteen Expenses,Fac Canteen Expenses,2600.0,0.0000,Payment[Cash],5,group_5,fac canteen expenses
2022-08-04,CPV220800223,BD-0332,For Office Canteen purpose.,Bogra Plant Cash,Cash-in-Hand,0.0,2600.0000,Payment[Cash],4,group_4,bogra plant cash
2022-08-04,CPV220800223,ND-0279,Out of pocket paid for the month of july\' 2022.,Out of Pocket Payable,Liabilities for Expenses,199500.0,0.0000,Payment[Cash],33,group_33,out of pocket payable
2022-08-04,CPV220800223,ND-0279,Out of pocket paid for the month of july\' 2022.,Nandigram Plant Cash,Cash-in-Hand,0.0,199500.0000,Payment[Cash],4,group_4,nandigram plant cash
2022-08-04,CPV220800224,BD-0333,"Medical expenses of Narayan Chandra Saha, Daily Labour ( Tk.258) & Md. Mahbubur Rahman, CW-2207 ( Tk. 3792) for leg & Shoulder injury purpose.",Fac Medical & Acc. Exp-General,Fac Medical Expenses,4050.0,0.0000,Payment[Cash],24,group_24,fac medical & acc. exp-general
2022-08-04,CPV220800224,BD-0333,"Medical expenses of Narayan Chandra Saha, Daily Labour ( Tk.258) & Md. Mahbubur Rahman, CW-2207 ( Tk. 3792) for leg & Shoulder injury purpose.",Bogra Plant Cash,Cash-in-Hand,0.0,4050.0000,Payment[Cash],4,group_4,bogra plant cash
2022-08-04,CPV220800224,ND-0280,House rent  paid for the month of july\' 2022.,Staff House Rent Payable,Liabilities for Expenses,89700.0,0.0000,Payment[Cash],32,group_32,staff house rent payable
2022-08-04,CPV220800224,ND-0280,House rent  paid for the month of july\' 2022.,Nandigram Plant Cash,Cash-in-Hand,0.0,89700.0000,Payment[Cash],4,group_4,nandigram plant cash
2022-08-04,CPV220800225,BD-0334,Amount paid to maints of forklift.,Repairs & Maint-Forklift,Fac Repairs Maintenance,4360.0,0.0000,Payment[Cash],3,group_3,repairs & maint-forklift
2022-08-04,CPV220800225,BD-0334,Amount paid to maints of forklift.,Bogra Plant Cash,Cash-in-Hand,0.0,4360.0000,Payment[Cash],4,group_4,bogra plant cash
2022-08-04,CPV220800225,ND-0281,"Car allowance paid to Mr. Ataul Haque Mohon, Sr. GM ( PIC ) and Mr. Padmalochan Sharma, GM Mechanical for the month of July\' 2022.",Fac Car Allowance,Fac Salary & Allowance,96000.0,0.0000,Payment[Cash],59,group_59,fac car allowance
2022-08-04,CPV220800225,ND-0281,"Car allowance paid to Mr. Ataul Haque Mohon, Sr. GM ( PIC ) and Mr. Padmalochan Sharma, GM Mechanical for the month of July\' 2022.",Nandigram Plant Cash,Cash-in-Hand,0.0,96000.0000,Payment[Cash],4,group_4,nandigram plant cash
2022-08-04,CPV220800226,BD-0335,"Truck fare for carrying Maize, L/C# 074922020217.",Carriage Inward-Import,Carriage Inword-Import,80840.0,0.0000,Payment[Cash],8,group_8,carriage inward-import
2022-08-04,CPV220800226,BD-0335,"Truck fare for carrying Maize, L/C# 074922020217.",Bogra Plant Cash,Cash-in-Hand,0.0,80840.0000,Payment[Cash],4,group_4,bogra plant cash
2022-08-04,CPV220800226,ND-0282,"Stamp for cash payment salary, wages for the month of July\' 2022.","Fac Postage,Stamp & Courier",Factory Overhead (Indirect),4060.0,0.0000,Payment[Cash],36,group_36,fac postage stamp & courier
2022-08-04,CPV220800226,ND-0282,"Stamp for cash payment salary, wages for the month of July\' 2022.",Nandigram Plant Cash,Cash-in-Hand,0.0,4060.0000,Payment[Cash],4,group_4,nandigram plant cash
2022-08-04,CPV220800227,BD-0336,"Truck fare for carrying Maize, L/C# 154422020359.",Carriage Inward-Import,Carriage Inword-Import,21990.0,0.0000,Payment[Cash],8,group_8,carriage inward-import
2022-08-04,CPV220800227,BD-0336,"Truck fare for carrying Maize, L/C# 154422020359.",Bogra Plant Cash,Cash-in-Hand,0.0,21990.0000,Payment[Cash],4,group_4,bogra plant cash
2022-08-04,CPV220800227,ND-0283,Bank deposit for advance income tax paid Tk. 0.60% on the price of 9000 liters diesel.,AP Supplier Payable,Sundry Creditors,4170.0,0.0000,Payment[Cash],23,group_23,ap supplier payable
2022-08-04,CPV220800227,ND-0283,Bank deposit for advance income tax paid Tk. 0.60% on the price of 9000 liters diesel.,Nandigram Plant Cash,Cash-in-Hand,0.0,4170.0000,Payment[Cash],4,group_4,nandigram plant cash
2022-08-04,CPV220800228,BD-0337,"Truck fare for carrying Maize, L/C# 222822021397.",Carriage Inward-Import,Carriage Inword-Import,22310.0,0.0000,Payment[Cash],8,group_8,carriage inward-import
2022-08-04,CPV220800228,BD-0337,"Truck fare for carrying Maize, L/C# 222822021397.",Bogra Plant Cash,Cash-in-Hand,0.0,22310.0000,Payment[Cash],4,group_4,bogra plant cash
2022-08-04,CPV220800229,BD-0338,"Truck fare for carrying Maize, L/C# 249022021506/71679.",Carriage Inward-Import,Carriage Inword-Import,102480.0,0.0000,Payment[Cash],8,group_8,carriage inward-import
2022-08-04,CPV220800229,BD-0338,"Truck fare for carrying Maize, L/C# 249022021506/71679.",Bogra Plant Cash,Cash-in-Hand,0.0,102480.0000,Payment[Cash],4,group_4,bogra plant cash
2022-08-04,CPV220800230,BD-0339,"Truck fare for carrying Maize, L/C# 141722020274.",Carriage Inward-Import,Carriage Inword-Import,95510.0,0.0000,Payment[Cash],8,group_8,carriage inward-import
2022-08-04,CPV220800230,BD-0339,"Truck fare for carrying Maize, L/C# 141722020274.",Bogra Plant Cash,Cash-in-Hand,0.0,95510.0000,Payment[Cash],4,group_4,bogra plant cash
2022-08-04,CPV220800231,BD-0340,"Truck fare for carrying Maize, L/C# 074922020215.",Carriage Inward-Import,Carriage Inword-Import,23860.0,0.0000,Payment[Cash],8,group_8,carriage inward-import
2022-08-04,CPV220800231,BD-0340,"Truck fare for carrying Maize, L/C# 074922020215.",Bogra Plant Cash,Cash-in-Hand,0.0,23860.0000,Payment[Cash],4,group_4,bogra plant cash
2022-08-04,CPV220800232,BD-0341,"Truck fare for carrying Maize, L/C# 074922020211.",Carriage Inward-Import,Carriage Inword-Import,24920.0,0.0000,Payment[Cash],8,group_8,carriage inward-import
2022-08-04,CPV220800232,BD-0341,"Truck fare for carrying Maize, L/C# 074922020211.",Bogra Plant Cash,Cash-in-Hand,0.0,24920.0000,Payment[Cash],4,group_4,bogra plant cash
2022-08-04,CPV220800233,BD-0342,Labour bill payment for (383552 kg) maize unload.,Fac Loading & Unloading Exp.,Factory Overhead (Direct),26450.0,0.0000,Payment[Cash],19,group_19,fac loading & unloading exp.
2022-08-04,CPV220800233,BD-0342,Labour bill payment for (383552 kg) maize unload.,Bogra Plant Cash,Cash-in-Hand,0.0,26450.0000,Payment[Cash],4,group_4,bogra plant cash
2022-08-04,CPV220800235,ND-0284,"Truck fare for carriage Maize, L/C No# 249022021506 ( 426010071679 ).",Carriage Inward-Import,Carriage Inword-Import,25060.0,0.0000,Payment[Cash],8,group_8,carriage inward-import
2022-08-04,CPV220800235,ND-0284,"Truck fare for carriage Maize, L/C No# 249022021506 ( 426010071679 ).",Nandigram Plant Cash,Cash-in-Hand,0.0,25060.0000,Payment[Cash],4,group_4,nandigram plant cash
2022-08-05,CPV220800237,ND-0285,For diesel 88 liters.,Fac Fuel Exp.No.3727[Tata Pickup],Fac Car Fuel Expenses,7080.0,0.0000,Payment[Cash],43,group_43,fac fuel exp.no.
2022-08-05,CPV220800237,ND-0285,For diesel 88 liters.,Nandigram Plant Cash,Cash-in-Hand,0.0,7080.0000,Payment[Cash],4,group_4,nandigram plant cash
2022-08-05,CPV220800238,ND-0286,Toll paid for Tata pick-up# 11-3727.,Fac Toll Exp for Others Vehicle,Factory Overhead (Indirect),2000.0,0.0000,Payment[Cash],37,group_37,fac toll exp for others vehicle
2022-08-05,CPV220800238,ND-0286,Toll paid for Tata pick-up# 11-3727.,Nandigram Plant Cash,Cash-in-Hand,0.0,2000.0000,Payment[Cash],4,group_4,nandigram plant cash
2022-08-05,CPV220800239,ND-0287,For canteen expenses.,Fac Canteen Expenses,Fac Canteen Expenses,4020.0,0.0000,Payment[Cash],5,group_5,fac canteen expenses
2022-08-05,CPV220800239,ND-0287,For canteen expenses.,Nandigram Plant Cash,Cash-in-Hand,0.0,4020.0000,Payment[Cash],4,group_4,nandigram plant cash
2022-08-05,CPV220800240,ND-0288,"Truck fare for carriage Maize, L/C No# 249022021506 ( 426010071679 ).",Carriage Inward-Import,Carriage Inword-Import,98220.0,0.0000,Payment[Cash],8,group_8,carriage inward-import
2022-08-05,CPV220800240,ND-0288,"Truck fare for carriage Maize, L/C No# 249022021506 ( 426010071679 ).",Nandigram Plant Cash,Cash-in-Hand,0.0,98220.0000,Payment[Cash],4,group_4,nandigram plant cash
2022-08-05,CPV220800241,ND-0289,"Truck fare for carriage Maize, L/C No# 074922020217.",Carriage Inward-Import,Carriage Inword-Import,49900.0,0.0000,Payment[Cash],8,group_8,carriage inward-import
2022-08-05,CPV220800241,ND-0289,"Truck fare for carriage Maize, L/C No# 074922020217.",Nandigram Plant Cash,Cash-in-Hand,0.0,49900.0000,Payment[Cash],4,group_4,nandigram plant cash
2022-08-05,CPV220800242,ND-0290,"Truck fare for carriage Maize, L/C No# 074922020211.",Carriage Inward-Import,Carriage Inword-Import,20850.0,0.0000,Payment[Cash],8,group_8,carriage inward-import
2022-08-05,CPV220800242,ND-0290,"Truck fare for carriage Maize, L/C No# 074922020211.",Nandigram Plant Cash,Cash-in-Hand,0.0,20850.0000,Payment[Cash],4,group_4,nandigram plant cash
2022-08-05,CPV220800243,ND-0291,"Truck fare for carriage Maize, L/C No# 141722020274.",Carriage Inward-Import,Carriage Inword-Import,31110.0,0.0000,Payment[Cash],8,group_8,carriage inward-import
2022-08-05,CPV220800243,ND-0291,"Truck fare for carriage Maize, L/C No# 141722020274.",Nandigram Plant Cash,Cash-in-Hand,0.0,31110.0000,Payment[Cash],4,group_4,nandigram plant cash
2022-08-05,CPV220800244,ND-0292,"Transport cost to bring safety shoes, rubber, electric goods, paint, cloth, bearing, plastic jar, mobil, welding rod and MS plate.",Carriage Inward-Local,Local Purchase,7490.0,0.0000,Payment[Cash],8,group_8,carriage inward-local
2022-08-05,CPV220800244,ND-0292,"Transport cost to bring safety shoes, rubber, electric goods, paint, cloth, bearing, plastic jar, mobil, welding rod and MS plate.",Nandigram Plant Cash,Cash-in-Hand,0.0,7490.0000,Payment[Cash],4,group_4,nandigram plant cash
2022-08-03,CPV220800273,C-0456,Paid to Mr. Moniruzzaman Sr. Officer Admin QFL For 120 Persons Lunch Bill Purpose.,Current Account with SH,"Current Account with Directors\', '27650.0000",0.0,Payment[Cash],,38,group_38,current account with sh
2022-08-03,CPV220800273,C-0456,Paid to Mr. Moniruzzaman Sr. Officer Admin QFL For 120 Persons Lunch Bill Purpose.,Head Office Cash,Cash-in-Hand,0.0,27650.0000,Payment[Cash],12,group_12,head office cash
2022-08-03,CPV220800274,C-0459,Paid to MR. Giyash Uddin Sr. Officer Credit Control Head Office QFL Bill for the Case Filling Arising CR Case No. 395/2015 against Md. Iqbal Khan.,Legal & Professional Fee,Administrative Expenses,15000.0,0.0000,Payment[Cash],25,group_25,legal & professional fee
2022-08-03,CPV220800274,C-0459,Paid to MR. Giyash Uddin Sr. Officer Credit Control Head Office QFL Bill for the Case Filling Arising CR Case No. 395/2015 against Md. Iqbal Khan.,Head Office Cash,Cash-in-Hand,0.0,15000.0000,Payment[Cash],12,group_12,head office cash
2022-08-03,CPV220800275,C-0467,Paid to MR. Sohel Costa Cook Head Office QFL For Mr.Rinku Advocate Supreme Court Dhaka Lunch bill 6 days,Entertainment-General,HO Entertainment,600.0,0.0000,Payment[Cash],39,group_39,entertainment-general
2022-08-03,CPV220800275,C-0467,Paid to MR. Sohel Costa Cook Head Office QFL For Mr.Rinku Advocate Supreme Court Dhaka Lunch bill 6 days,Head Office Cash,Cash-in-Hand,0.0,600.0000,Payment[Cash],12,group_12,head office cash
2022-08-03,CPV220800276,C-0468,Paid to Mr. Rajon Cook Head Office QFL for Rui Fish Purchase bill,Current Account with IBS,"Current Account with Directors\', '4390.0000",0.0,Payment[Cash],,26,group_26,current account with ibs
2022-08-03,CPV220800276,C-0468,Paid to Mr. Rajon Cook Head Office QFL for Rui Fish Purchase bill,Head Office Cash,Cash-in-Hand,0.0,4390.0000,Payment[Cash],12,group_12,head office cash
2022-08-03,CPV220800277,C-0469,For Cigarette Purchase bill,Top Managements\' Canteen Exp.,Canteen Expenses,1500.0,0.0000,Payment[Cash],40,group_40,top managements canteen exp.
2022-08-03,CPV220800277,C-0469,For Cigarette Purchase bill,Head Office Cash,Cash-in-Hand,0.0,1500.0000,Payment[Cash],12,group_12,head office cash
2022-08-03,CPV220800278,C-0470,For Postal bill,Postage & Courier,Administrative Expenses,10.0,0.0000,Payment[Cash],36,group_36,postage & courier
2022-08-03,CPV220800278,C-0470,For Postal bill,Head Office Cash,Cash-in-Hand,0.0,10.0000,Payment[Cash],12,group_12,head office cash
2022-08-03,CPV220800279,C-0471,For MIS Floor Photocopy Machine Servicing bill,Office Maintenance (HO-7),Office Maintenance,700.0,0.0000,Payment[Cash],41,group_41,office maintenance
2022-08-03,CPV220800279,C-0471,For MIS Floor Photocopy Machine Servicing bill,Head Office Cash,Cash-in-Hand,0.0,700.0000,Payment[Cash],12,group_12,head office cash
2022-08-03,CPV220800280,C-0472,For Board Meeting Purpose Flower Purchase bill,Office Maintenance (HO-1),Office Maintenance,2600.0,0.0000,Payment[Cash],41,group_41,office maintenance
2022-08-03,CPV220800280,C-0472,For Board Meeting Purpose Flower Purchase bill,Head Office Cash,Cash-in-Hand,0.0,2600.0000,Payment[Cash],12,group_12,head office cash
2022-08-03,CPV220800281,C-0473,For Board Meeting Purpose Sweet Purchase bill,Entertainment-Top Management,HO Entertainment,3940.0,0.0000,Payment[Cash],39,group_39,entertainment-top management
2022-08-03,CPV220800281,C-0473,For Board Meeting Purpose Sweet Purchase bill,Head Office Cash,Cash-in-Hand,0.0,3940.0000,Payment[Cash],12,group_12,head office cash
2022-08-03,CPV220800282,C-0474,"For Bus,Rickshaw fare",Conveyance Allowances,Administrative Expenses,1160.0,0.0000,Payment[Cash],42,group_42,conveyance allowances
2022-08-03,CPV220800282,C-0474,"For Bus,Rickshaw fare",Head Office Cash,Cash-in-Hand,0.0,1160.0000,Payment[Cash],12,group_12,head office cash
2022-08-03,CPV220800283,C-0475,For Tiffin bill,HO Canteen Expenses,Canteen Expenses,780.0,0.0000,Payment[Cash],5,group_5,ho canteen expenses
2022-08-03,CPV220800283,C-0475,For Tiffin bill,Head Office Cash,Cash-in-Hand,0.0,780.0000,Payment[Cash],12,group_12,head office cash
2022-08-03,CPV220800284,C-0476,For Mum Water Purchase bill & Octane Filling bill,Fuel Exp.No.22-0616 [AXIO],Fuel Expenses-General,2370.0,0.0000,Payment[Cash],43,group_43,fuel exp.no. -
2022-08-03,CPV220800284,C-0476,For Mum Water Purchase bill & Octane Filling bill,Fuel Exp. No.17-6762 [Haval Jeep],"Fuel Expenses-Top Managements\', '4462.0000",0.0,Payment[Cash],,43,group_43,fuel exp. no. -
2022-08-03,CPV220800284,C-0476,For Mum Water Purchase bill & Octane Filling bill,Car Maint. No.17-6762 [Haval Jeep],"Car Maintenance-Top Managements\', '90.0000",0.0,Payment[Cash],,44,group_44,car maint. no. -
2022-08-03,CPV220800284,C-0476,For Mum Water Purchase bill & Octane Filling bill,Head Office Cash,Cash-in-Hand,0.0,6922.0000,Payment[Cash],12,group_12,head office cash
2022-08-01,CPV220800285,C-0398,"Total Bill tk. 14,444/- Total Adv. tk. 13,500/- Excess tk. 944/- adjusted  For the Month of October-2021",Adv Ag Rangpur Depot Exp.,Advance Ag Depot Exp.,944.0,0.0000,Payment[Cash],45,group_45,adv ag rangpur depot exp.
2022-08-01,CPV220800285,C-0398,"Total Bill tk. 14,444/- Total Adv. tk. 13,500/- Excess tk. 944/- adjusted  For the Month of October-2021",Head Office Cash,Cash-in-Hand,0.0,944.0000,Payment[Cash],12,group_12,head office cash
2022-08-01,CPV220800286,C-0399,Paid to MR. MD. Fahad Ibna Doha as Advance Miscellaneous For Approved NOC Purpose. QFL-MISC./NOC/03/JUL/2022.,"Adv to Fahad Ibna Doha-Commercial,HO",Advance to Employee of HO,6000.0,0.0000,Payment[Cash],46,group_46,adv to fahad ibna doha-commercial ho
2022-08-01,CPV220800286,C-0399,Paid to MR. MD. Fahad Ibna Doha as Advance Miscellaneous For Approved NOC Purpose. QFL-MISC./NOC/03/JUL/2022.,Head Office Cash,Cash-in-Hand,0.0,6000.0000,Payment[Cash],12,group_12,head office cash
2022-08-01,CPV220800287,C-0402,"Paid to Mr. Moniruzzaman Officer Admin QFL Head Office for Banani Grave Staff Salary July-2022 tk. 13,00/-, Purbachal Plant Staff Salary July\'22 tk. 14,000/- Generator Diesel Purchase  bill  102 ltrs tk. 2,520/- for 3 Month .",Current Account with SH,"Current Account with Directors\', '17820.0000",0.0,Payment[Cash],,38,group_38,current account with sh
2022-08-01,CPV220800287,C-0402,"Paid to Mr. Moniruzzaman Officer Admin QFL Head Office for Banani Grave Staff Salary July-2022 tk. 13,00/-, Purbachal Plant Staff Salary July\'22 tk. 14,000/- Generator Diesel Purchase  bill  102 ltrs tk. 2,520/- for 3 Month .",Head Office Cash,Cash-in-Hand,0.0,17820.0000,Payment[Cash],12,group_12,head office cash
2022-08-01,CPV220800288,C-0403,For Feather Pillow & Down Comforter Purchase bill from Alliance Feather Products Ltd.Received by MR. Moniruzzaman.,Current Account with SH,"Current Account with Directors\', '15350.0000",0.0,Payment[Cash],,38,group_38,current account with sh
2022-08-01,CPV220800288,C-0403,For Feather Pillow & Down Comforter Purchase bill from Alliance Feather Products Ltd.Received by MR. Moniruzzaman.,Head Office Cash,Cash-in-Hand,0.0,15350.0000,Payment[Cash],12,group_12,head office cash
2022-08-01,CPV220800289,C-0404,"Gas bill For the Month of July-2022 to December-2022. House # 250, Road # 01, Block # B- Basundhara,Dhaka,",Directors\' Apt. Service Charge-MD,Utility Expense of MD,23613.0,0.0000,Payment[Cash],47,group_47,directors apt. service charge-md
2022-08-01,CPV220800289,C-0404,"Gas bill For the Month of July-2022 to December-2022. House # 250, Road # 01, Block # B- Basundhara,Dhaka,",Head Office Cash,Cash-in-Hand,0.0,23613.0000,Payment[Cash],12,group_12,head office cash
2022-08-01,CPV220800290,C-0405,For the Month of July-2022 to December-2022.,Gas Bill (Off-1),Gas Bill,6585.0,0.0000,Payment[Cash],48,group_48,gas bill
2022-08-01,CPV220800290,C-0405,For the Month of July-2022 to December-2022.,Head Office Cash,Cash-in-Hand,0.0,6585.0000,Payment[Cash],12,group_12,head office cash
2022-08-01,CPV220800291,C-0406,Paid to MR.Moniruzzaman Sr.Officer Admin QFL Head Office for b.kash Load Cell-01715728760,Current Account with IBS,"Current Account with Directors\', '4800.0000",0.0,Payment[Cash],,26,group_26,current account with ibs
2022-08-01,CPV220800291,C-0406,Paid to MR.Moniruzzaman Sr.Officer Admin QFL Head Office for b.kash Load Cell-01715728760,Head Office Cash,Cash-in-Hand,0.0,4800.0000,Payment[Cash],12,group_12,head office cash
2022-08-01,CPV220800292,C-0407,Paid to MR.Moniruzzaman Sr.Officer Admin QFL Head Office for Mr. Monir at Gazipur Factory Plumber.,Current Account with IBS,"Current Account with Directors\', '1050.0000",0.0,Payment[Cash],,26,group_26,current account with ibs
2022-08-01,CPV220800292,C-0407,Paid to MR.Moniruzzaman Sr.Officer Admin QFL Head Office for Mr. Monir at Gazipur Factory Plumber.,Head Office Cash,Cash-in-Hand,0.0,1050.0000,Payment[Cash],12,group_12,head office cash
2022-08-01,CPV220800293,C-0408,"Paid to MR. Moniruzzman Sr. Officer Admin QFL Head Office For Basil,Seed Purchase bill",Agri & Gardening Expenses,Administrative Expenses,740.0,0.0000,Payment[Cash],13,group_13,agri & gardening expenses
2022-08-01,CPV220800293,C-0408,"Paid to MR. Moniruzzman Sr. Officer Admin QFL Head Office For Basil,Seed Purchase bill",Head Office Cash,Cash-in-Hand,0.0,740.0000,Payment[Cash],12,group_12,head office cash
2022-08-01,CPV220800294,C-0409,"Paid to MR. Moniruzzman Sr. Officer Admin QFL Head Office For Self Starter Reparing Charge for 50 KVA Perkins Generator Set Servicing bill from JS Power Solution.BD at House # 250, Road # 01,Block : B, Bashundhara,Dhaka.",Directors\' Apt. Service Charge-MD,Utility Expense of MD,6500.0,0.0000,Payment[Cash],47,group_47,directors apt. service charge-md
2022-08-01,CPV220800294,C-0409,"Paid to MR. Moniruzzman Sr. Officer Admin QFL Head Office For Self Starter Reparing Charge for 50 KVA Perkins Generator Set Servicing bill from JS Power Solution.BD at House # 250, Road # 01,Block : B, Bashundhara,Dhaka.",Head Office Cash,Cash-in-Hand,0.0,6500.0000,Payment[Cash],12,group_12,head office cash
2022-08-01,CPV220800295,C-0410,Paid to MR. Robbin Supporting Staff for Head Office For daraz bill,Current Account with IBS,"Current Account with Directors\', '6334.0000",0.0,Payment[Cash],,26,group_26,current account with ibs
2022-08-01,CPV220800295,C-0410,Paid to MR. Robbin Supporting Staff for Head Office For daraz bill,Head Office Cash,Cash-in-Hand,0.0,6334.0000,Payment[Cash],12,group_12,head office cash
2022-08-01,CPV220800296,C-0411,"Paid to MR. Khairul Bashar for MS Shaft,Fiber Glass,Aluminium,Welding Black Glass Transport Bill from New Gazipur Transport,M/S. Sagor Transport,New Sadia Transport.",Repairs & Maint-Fac P&M,Fac Repairs Maintenance,1580.0,0.0000,Payment[Cash],3,group_3,repairs & maint-fac p&m
2022-08-01,CPV220800296,C-0411,"Paid to MR. Khairul Bashar for MS Shaft,Fiber Glass,Aluminium,Welding Black Glass Transport Bill from New Gazipur Transport,M/S. Sagor Transport,New Sadia Transport.",Repairs & Maint-Electrical,Fac Repairs Maintenance,400.0,0.0000,Payment[Cash],3,group_3,repairs & maint-electrical
2022-08-01,CPV220800296,C-0411,"Paid to MR. Khairul Bashar for MS Shaft,Fiber Glass,Aluminium,Welding Black Glass Transport Bill from New Gazipur Transport,M/S. Sagor Transport,New Sadia Transport.",Head Office Cash,Cash-in-Hand,0.0,1980.0000,Payment[Cash],12,group_12,head office cash
2022-08-01,CPV220800297,C-0412,Paid to MR. Jalal Uddin for Hammer Screen Purchase bill from Al Noor Enterprise.,Consumables,Local Purchase,46000.0,0.0000,Payment[Cash],49,group_49,consumables
2022-08-01,CPV220800297,C-0412,Paid to MR. Jalal Uddin for Hammer Screen Purchase bill from Al Noor Enterprise.,Head Office Cash,Cash-in-Hand,0.0,46000.0000,Payment[Cash],12,group_12,head office cash
2022-08-01,CPV220800298,C-0413,"Paid to MR. Shakil from QIAL For Chicken Boneless Breast,Beef T-Bone Steak,Beef Sirloin etc Purchase bill",Current Account with IBS,"Current Account with Directors\', '5265.0000",0.0,Payment[Cash],,26,group_26,current account with ibs
2022-08-01,CPV220800298,C-0413,"Paid to MR. Shakil from QIAL For Chicken Boneless Breast,Beef T-Bone Steak,Beef Sirloin etc Purchase bill",Head Office Cash,Cash-in-Hand,0.0,5265.0000,Payment[Cash],12,group_12,head office cash
2022-08-01,CPV220800299,C-0414,"Paid to MR. Shakil from QIAL For Pro. Mr. Zahidur Rahman  Gift Purpose Brown Premium Egg,Quality Omega 3 Purchase bill",Donation & Gifts,Administrative Expenses,500.0,0.0000,Payment[Cash],50,group_50,donation & gifts
2022-08-01,CPV220800299,C-0414,"Paid to MR. Shakil from QIAL For Pro. Mr. Zahidur Rahman  Gift Purpose Brown Premium Egg,Quality Omega 3 Purchase bill",Head Office Cash,Cash-in-Hand,0.0,500.0000,Payment[Cash],12,group_12,head office cash
2022-08-01,CPV220800300,C-0415,Paid to MR. Kamal For Box Egg Purchase bill from QIAL.,Current Account with IBS,"Current Account with Directors\', '1815.0000",0.0,Payment[Cash],,26,group_26,current account with ibs
2022-08-01,CPV220800300,C-0415,Paid to MR. Kamal For Box Egg Purchase bill from QIAL.,Head Office Cash,Cash-in-Hand,0.0,1815.0000,Payment[Cash],12,group_12,head office cash
2022-08-01,CPV220800301,C-0416,Paid to MR. Kamal For Box Egg Purchase bill from QIAL.,Current Account with SH,"Current Account with Directors\', '2520.0000",0.0,Payment[Cash],,38,group_38,current account with sh
2022-08-01,CPV220800301,C-0416,Paid to MR. Kamal For Box Egg Purchase bill from QIAL.,Head Office Cash,Cash-in-Hand,0.0,2520.0000,Payment[Cash],12,group_12,head office cash
2022-08-01,CPV220800302,C-0418,"Paid to Mr. Faruk Hossain Salary Advance tk. 60,000/- for the Month of August-2022( Pay tk. 5,000/- Per Month 1st Pay August-2022 to July-2023)",Adv Ag Salary & Allowances,Advance to Others,60000.0,0.0000,Payment[Cash],31,group_31,adv ag salary & allowances
2022-08-01,CPV220800302,C-0418,"Paid to Mr. Faruk Hossain Salary Advance tk. 60,000/- for the Month of August-2022( Pay tk. 5,000/- Per Month 1st Pay August-2022 to July-2023)",Head Office Cash,Cash-in-Hand,0.0,60000.0000,Payment[Cash],12,group_12,head office cash
2022-08-01,CPV220800303,C-0419,Paid to MR. Hasan Ali Sr. Supervisor  For TA & DA bill.,Travelling Allow-Inland,Administrative Expenses,2510.0,0.0000,Payment[Cash],51,group_51,travelling allow-inland
2022-08-01,CPV220800303,C-0419,Paid to MR. Hasan Ali Sr. Supervisor  For TA & DA bill.,Dearness Allowance,Administrative Expenses,3290.0,0.0000,Payment[Cash],42,group_42,dearness allowance
2022-08-01,CPV220800303,C-0419,Paid to MR. Hasan Ali Sr. Supervisor  For TA & DA bill.,Head Office Cash,Cash-in-Hand,0.0,5800.0000,Payment[Cash],12,group_12,head office cash
2022-08-01,CPV220800304,C-0420,"Paid to  MR. Shakil Alam For Apple,Mango,Guava,Milk etc Purchase bill.",Top Managements\' Canteen Exp.,Canteen Expenses,3830.0,0.0000,Payment[Cash],40,group_40,top managements canteen exp.
2022-08-01,CPV220800304,C-0420,"Paid to  MR. Shakil Alam For Apple,Mango,Guava,Milk etc Purchase bill.",Head Office Cash,Cash-in-Hand,0.0,3830.0000,Payment[Cash],12,group_12,head office cash
2022-08-01,CPV220800305,C-0421,For Courrier bill,Postage & Courier,Administrative Expenses,40.0,0.0000,Payment[Cash],36,group_36,postage & courier
2022-08-01,CPV220800305,C-0421,For Courrier bill,Head Office Cash,Cash-in-Hand,0.0,40.0000,Payment[Cash],12,group_12,head office cash
2022-08-01,CPV220800306,C-0422,For Dinner bill,Dearness Allowance,Administrative Expenses,440.0,0.0000,Payment[Cash],42,group_42,dearness allowance
2022-08-01,CPV220800306,C-0422,For Dinner bill,Head Office Cash,Cash-in-Hand,0.0,440.0000,Payment[Cash],12,group_12,head office cash
2022-08-01,CPV220800307,C-0423,For Octane Filling bill & Mum Water Purchase bill,Fuel Exp.No.22-4923[Premio]-Sr.GM,Fuel Expenses-General,4330.0,0.0000,Payment[Cash],43,group_43,fuel exp.no. - -sr.gm
2022-08-01,CPV220800307,C-0423,For Octane Filling bill & Mum Water Purchase bill,Fuel Exp.No.22-0616 [AXIO],Fuel Expenses-General,2500.0,0.0000,Payment[Cash],43,group_43,fuel exp.no. -
2022-08-01,CPV220800307,C-0423,For Octane Filling bill & Mum Water Purchase bill,Car Maint.No.22-4923[Premio]-Sr.GM,Car Maintenance-General,90.0,0.0000,Payment[Cash],44,group_44,car maint.no. - -sr.gm
2022-08-01,CPV220800307,C-0423,For Octane Filling bill & Mum Water Purchase bill,Head Office Cash,Cash-in-Hand,0.0,6920.0000,Payment[Cash],12,group_12,head office cash
2022-08-01,CPV220800308,C-0424,"For Photocopy,Scan bill",Office Maintenance (HO-7),Office Maintenance,304.0,0.0000,Payment[Cash],41,group_41,office maintenance
2022-08-01,CPV220800308,C-0424,"For Photocopy,Scan bill",Head Office Cash,Cash-in-Hand,0.0,304.0000,Payment[Cash],12,group_12,head office cash
2022-08-01,CPV220800309,C-0425,For Tiffin bill,HO Canteen Expenses,Canteen Expenses,4260.0,0.0000,Payment[Cash],5,group_5,ho canteen expenses
2022-08-01,CPV220800309,C-0425,For Tiffin bill,Head Office Cash,Cash-in-Hand,0.0,4260.0000,Payment[Cash],12,group_12,head office cash
2022-08-01,CPV220800310,C-0426,"For Bus,Rickshaw fare",Conveyance Allowances,Administrative Expenses,1650.0,0.0000,Payment[Cash],42,group_42,conveyance allowances
2022-08-01,CPV220800310,C-0426,"For Bus,Rickshaw fare",Head Office Cash,Cash-in-Hand,0.0,1650.0000,Payment[Cash],12,group_12,head office cash
2022-08-01,CPV220800311,C-0427,Official Asset Transfer Bill Mr. Anwar Hossain Asst.Manager at Jamuna Zone.,MKT Accommodation Exp.,Marketing Expenses,5120.0,0.0000,Payment[Cash],30,group_30,mkt accommodation exp.
2022-08-01,CPV220800311,C-0427,Official Asset Transfer Bill Mr. Anwar Hossain Asst.Manager at Jamuna Zone.,Head Office Cash,Cash-in-Hand,0.0,5120.0000,Payment[Cash],12,group_12,head office cash
2022-08-01,CPV220800312,C-0428,For Auto Scal Bill.,Stationery Expenses,Printing & Stationery Exp.,2200.0,0.0000,Payment[Cash],52,group_52,stationery expenses
2022-08-01,CPV220800312,C-0428,For Auto Scal Bill.,Head Office Cash,Cash-in-Hand,0.0,2200.0000,Payment[Cash],12,group_12,head office cash
2022-08-02,CPV220800318,C-0429,Paid to Mr. Moniruzzaman Sr.Officer Admin for M.D. Sir\'s Medicine Purchase bill,Medical & Accidental Exp-MD,Medical & Accidental Exp-Top Management,1700.0,0.0000,Payment[Cash],53,group_53,medical & accidental exp-md
2022-08-02,CPV220800318,C-0429,Paid to Mr. Moniruzzaman Sr.Officer Admin for M.D. Sir\'s Medicine Purchase bill,Head Office Cash,Cash-in-Hand,0.0,1700.0000,Payment[Cash],12,group_12,head office cash
2022-08-02,CPV220800319,C-0430,"Paid to MR. Rajon Sr.Cook Head Office For M.D. Sir\'s House Bazar Rice,Oil,Butter etc Foods Items Purcahse bill",Current Account with IBS,"Current Account with Directors\', '61700.0000",0.0,Payment[Cash],,26,group_26,current account with ibs
2022-08-02,CPV220800319,C-0430,"Paid to MR. Rajon Sr.Cook Head Office For M.D. Sir\'s House Bazar Rice,Oil,Butter etc Foods Items Purcahse bill",Head Office Cash,Cash-in-Hand,0.0,61700.0000,Payment[Cash],12,group_12,head office cash
2022-08-02,CPV220800320,C-0431,Paid to Jalalabad Blind Welfare Association Deposit to Prime Bank Ltd.,Current Account with MKR,"Current Account with Directors\', '188000.0000",0.0,Payment[Cash],,29,group_29,current account with mkr
2022-08-02,CPV220800320,C-0431,Paid to Jalalabad Blind Welfare Association Deposit to Prime Bank Ltd.,Head Office Cash,Cash-in-Hand,0.0,188000.0000,Payment[Cash],12,group_12,head office cash
2022-08-02,CPV220800321,C-0432,Paid to Mr. Amirul Haque Mollick Sr. Officer Head Office for Board Meeting Fees 175 th Meeting of QFL Director\'s.(02nd Day of August-2022),Board Meeting Fees,Administrative Expenses,35000.0,0.0000,Payment[Cash],54,group_54,board meeting fees
2022-08-02,CPV220800321,C-0432,Paid to Mr. Amirul Haque Mollick Sr. Officer Head Office for Board Meeting Fees 175 th Meeting of QFL Director\'s.(02nd Day of August-2022),Head Office Cash,Cash-in-Hand,0.0,35000.0000,Payment[Cash],12,group_12,head office cash
2022-08-02,CPV220800322,C-0433,Paid to Mr. Zakir Hossain I.A Head Office for Mr. Giyash Uddin Sr. Officer Credit Control for Medical Support Bill (Father),Health Policy Expense,Staff Welfare Expenses,12000.0,0.0000,Payment[Cash],15,group_15,health policy expense
2022-08-02,CPV220800322,C-0433,Paid to Mr. Zakir Hossain I.A Head Office for Mr. Giyash Uddin Sr. Officer Credit Control for Medical Support Bill (Father),Head Office Cash,Cash-in-Hand,0.0,12000.0000,Payment[Cash],12,group_12,head office cash
2022-08-02,CPV220800323,C-0434,Paid to MR. Anwar Hossain for Battery Taster Purchase bill from M/S. Bismillah Electric Works.,Repairs & Maint-Electrical,Fac Repairs Maintenance,11000.0,0.0000,Payment[Cash],3,group_3,repairs & maint-electrical
2022-08-02,CPV220800323,C-0434,Paid to MR. Anwar Hossain for Battery Taster Purchase bill from M/S. Bismillah Electric Works.,Head Office Cash,Cash-in-Hand,0.0,11000.0000,Payment[Cash],12,group_12,head office cash
2022-08-02,CPV220800324,C-0435,"MIS Floor tk. 36,109/-, Procurement Floor tk. 10,704/- & Commercial Floor tk. 17,442/- For the Month of July-2022",Electricity Bill (Off-7),Electricity Bill,64255.0,0.0000,Payment[Cash],55,group_55,electricity bill
2022-08-02,CPV220800324,C-0435,"MIS Floor tk. 36,109/-, Procurement Floor tk. 10,704/- & Commercial Floor tk. 17,442/- For the Month of July-2022",Head Office Cash,Cash-in-Hand,0.0,64255.0000,Payment[Cash],12,group_12,head office cash
2022-08-02,CPV220800325,C-0436,"For the Month of  July-2022.(MR. A.M. Hyder Hussain) Plot # 05,Road # 56,F # 3 C, Gulshan-2",Electricity Bill-VC,Utility Expense of VC,1831.0,0.0000,Payment[Cash],55,group_55,electricity bill-vc
2022-08-02,CPV220800325,C-0436,"For the Month of  July-2022.(MR. A.M. Hyder Hussain) Plot # 05,Road # 56,F # 3 C, Gulshan-2",Head Office Cash,Cash-in-Hand,0.0,1831.0000,Payment[Cash],12,group_12,head office cash
2022-08-02,CPV220800326,C-0437,"For the Month of  July-2022. Plot # 05 ,Road # 56,F # 4 A, Gulshan-2",Electricity Bill-VC,Utility Expense of VC,29741.0,0.0000,Payment[Cash],55,group_55,electricity bill-vc
2022-08-02,CPV220800326,C-0437,"For the Month of  July-2022. Plot # 05 ,Road # 56,F # 4 A, Gulshan-2",Head Office Cash,Cash-in-Hand,0.0,29741.0000,Payment[Cash],12,group_12,head office cash
2022-08-02,CPV220800327,C-0438,"Paid to Mr. Tariqul Islam AGM Admin QFL Head Office for Mr. Uzayr Hafiz Sir Directors Sales & Marketing HO. Air Ticket bill TK. 6,998/- from US-BANGLA Airlines & Mr. Abu Sayed Joarder AGM Commercial Deptt. Air Ticket bill from NOVOAIR TK. 12,400/-",Travelling Allow-Inland,Administrative Expenses,19398.0,0.0000,Payment[Cash],51,group_51,travelling allow-inland
2022-08-02,CPV220800327,C-0438,"Paid to Mr. Tariqul Islam AGM Admin QFL Head Office for Mr. Uzayr Hafiz Sir Directors Sales & Marketing HO. Air Ticket bill TK. 6,998/- from US-BANGLA Airlines & Mr. Abu Sayed Joarder AGM Commercial Deptt. Air Ticket bill from NOVOAIR TK. 12,400/-",Head Office Cash,Cash-in-Hand,0.0,19398.0000,Payment[Cash],12,group_12,head office cash
2022-08-02,CPV220800328,C-0439,"Paid to Mr. Omar Faruk For the Month Of July-2022 TK. 31,500/- each MIS,Procurement & Commercial Dept. Of QFL.",Apt. Service Charge-Office-07,Water Bill,31500.0,0.0000,Payment[Cash],47,group_47,apt. service charge-office-
2022-08-02,CPV220800328,C-0439,"Paid to Mr. Omar Faruk For the Month Of July-2022 TK. 31,500/- each MIS,Procurement & Commercial Dept. Of QFL.",Head Office Cash,Cash-in-Hand,0.0,31500.0000,Payment[Cash],12,group_12,head office cash
2022-08-02,CPV220800329,C-0440,Paid to MR. Maruf Ex.Officer Admin Head Office QFL For d kash Load Purpose.,Current Account with MKR,"Current Account with Directors\', '10000.0000",0.0,Payment[Cash],,29,group_29,current account with mkr
2022-08-02,CPV220800329,C-0440,Paid to MR. Maruf Ex.Officer Admin Head Office QFL For d kash Load Purpose.,Head Office Cash,Cash-in-Hand,0.0,10000.0000,Payment[Cash],12,group_12,head office cash
2022-08-02,CPV220800330,C-0441,Paid to  Sheikh Sadia Noushin Deposit to DBBL,Current Account with IBS,"Current Account with Directors\', '6000.0000",0.0,Payment[Cash],,26,group_26,current account with ibs
2022-08-02,CPV220800330,C-0441,Paid to  Sheikh Sadia Noushin Deposit to DBBL,Head Office Cash,Cash-in-Hand,0.0,6000.0000,Payment[Cash],12,group_12,head office cash
2022-08-02,CPV220800331,C-0443,Paid to MR. Liton Uddin For DMD Sir\'s Car DM-GA-25-8561 Tax Token Fees & AIT Bill Purpose.,Current Account with SMF,"Current Account with Directors\', '30802.0000",0.0,Payment[Cash],,29,group_29,current account with smf
2022-08-02,CPV220800331,C-0443,Paid to MR. Liton Uddin For DMD Sir\'s Car DM-GA-25-8561 Tax Token Fees & AIT Bill Purpose.,Head Office Cash,Cash-in-Hand,0.0,30802.0000,Payment[Cash],12,group_12,head office cash
2022-08-02,CPV220800332,C-0444,Paid to Mr. Faruk Hossain Sr. Driver Head Office for Car Fresh Note Purpose.,Current Account with Basir Rahman,"Current Account with Directors\', '2000.0000",0.0,Payment[Cash],,11,group_11,current account with basir rahman
2022-08-02,CPV220800332,C-0444,Paid to Mr. Faruk Hossain Sr. Driver Head Office for Car Fresh Note Purpose.,Head Office Cash,Cash-in-Hand,0.0,2000.0000,Payment[Cash],12,group_12,head office cash
2022-08-02,CPV220800333,C-0445,"For, Household Exp",Current Account with IBS,"Current Account with Directors\', '200000.0000",0.0,Payment[Cash],,26,group_26,current account with ibs
2022-08-02,CPV220800333,C-0445,"For, Household Exp",Head Office Cash,Cash-in-Hand,0.0,200000.0000,Payment[Cash],12,group_12,head office cash
2022-08-02,CPV220800334,C-0446,"For Lemon,Ginger,Egg,Guava etc Purchase bill & Tiffin bill",HO Canteen Expenses,Canteen Expenses,5148.0,0.0000,Payment[Cash],5,group_5,ho canteen expenses
2022-08-02,CPV220800334,C-0446,"For Lemon,Ginger,Egg,Guava etc Purchase bill & Tiffin bill",Head Office Cash,Cash-in-Hand,0.0,5148.0000,Payment[Cash],12,group_12,head office cash
2022-08-02,CPV220800335,C-0447,"For Photocopy,Scan/Email bill",Office Maintenance (HO-1),Office Maintenance,432.0,0.0000,Payment[Cash],41,group_41,office maintenance
2022-08-02,CPV220800335,C-0447,"For Photocopy,Scan/Email bill",Head Office Cash,Cash-in-Hand,0.0,432.0000,Payment[Cash],12,group_12,head office cash
2022-08-02,CPV220800336,C-0448,For Courier bill,Postage & Courier,Administrative Expenses,50.0,0.0000,Payment[Cash],36,group_36,postage & courier
2022-08-02,CPV220800336,C-0448,For Courier bill,Head Office Cash,Cash-in-Hand,0.0,50.0000,Payment[Cash],12,group_12,head office cash
2022-08-02,CPV220800337,C-0449,For Car Servicing bill & Mum Water Purchase bill,Car Maintenance-Discovery No.11-8701,Car Maintenance-General,1200.0,0.0000,Payment[Cash],56,group_56,car maintenance-discovery no. -
2022-08-02,CPV220800337,C-0449,For Car Servicing bill & Mum Water Purchase bill,Car Maintenance-General,Car Maintenance-General,610.0,0.0000,Payment[Cash],56,group_56,car maintenance-general
2022-08-02,CPV220800337,C-0449,For Car Servicing bill & Mum Water Purchase bill,Head Office Cash,Cash-in-Hand,0.0,1810.0000,Payment[Cash],12,group_12,head office cash
2022-08-02,CPV220800338,C-0450,"For Bus,Rickshaw fare",Conveyance Allowances,Administrative Expenses,1550.0,0.0000,Payment[Cash],42,group_42,conveyance allowances
2022-08-02,CPV220800338,C-0450,"For Bus,Rickshaw fare",Head Office Cash,Cash-in-Hand,0.0,1550.0000,Payment[Cash],12,group_12,head office cash
2022-08-02,CPV220800339,C-0451,For Car Parking bill & Octane Filling bill,Car Maintenance-General,Car Maintenance-General,7950.0,0.0000,Payment[Cash],56,group_56,car maintenance-general
2022-08-02,CPV220800339,C-0451,For Car Parking bill & Octane Filling bill,Mkt Fuel Exp.[Probox No.22-0839],Mkt Car Fuel Expenses,3190.0,0.0000,Payment[Cash],43,group_43,mkt fuel exp.
2022-08-02,CPV220800339,C-0451,For Car Parking bill & Octane Filling bill,Fuel Exp.No.6050[Covered Van],Fuel Expenses-General,3100.0,0.0000,Payment[Cash],43,group_43,fuel exp.no.
2022-08-02,CPV220800339,C-0451,For Car Parking bill & Octane Filling bill,Toll Expenses,Administrative Expenses,160.0,0.0000,Payment[Cash],37,group_37,toll expenses
2022-08-02,CPV220800339,C-0451,For Car Parking bill & Octane Filling bill,Head Office Cash,Cash-in-Hand,0.0,14400.0000,Payment[Cash],12,group_12,head office cash
2022-08-02,CPV220800340,C-0452,Personal Exp,Current Account with SH,"Current Account with Directors\', '48000.0000",0.0,Payment[Cash],,38,group_38,current account with sh
2022-08-02,CPV220800340,C-0452,Personal Exp,Head Office Cash,Cash-in-Hand,0.0,48000.0000,Payment[Cash],12,group_12,head office cash
2022-08-02,CPV220800341,C-0453,"Paid to MR. Sheikh Jubair For Advance Petty Cash TK. 13,000/- for Fertility Improvement Project. (Hydrophonic Operational Cost)",Adv Ag R&D Project-B\'baria,Advance Agt CWIP,13000.0,0.0000,Payment[Cash],57,group_57,adv ag r&d project-b baria
2022-08-02,CPV220800341,C-0453,"Paid to MR. Sheikh Jubair For Advance Petty Cash TK. 13,000/- for Fertility Improvement Project. (Hydrophonic Operational Cost)",Head Office Cash,Cash-in-Hand,0.0,13000.0000,Payment[Cash],12,group_12,head office cash
2022-08-02,CPV220800342,C-0454,Paid to MR. Sheikh Jubair Budget For Growing Media of 300 Growing Bags for Rock Melon Production Purpose (Hydrophonic Operational Cost),Adv Ag R&D Project-B\'baria,Advance Agt CWIP,31400.0,0.0000,Payment[Cash],57,group_57,adv ag r&d project-b baria
2022-08-02,CPV220800342,C-0454,Paid to MR. Sheikh Jubair Budget For Growing Media of 300 Growing Bags for Rock Melon Production Purpose (Hydrophonic Operational Cost),Head Office Cash,Cash-in-Hand,0.0,31400.0000,Payment[Cash],12,group_12,head office cash
2022-08-02,CPV220800343,C-0455,Paid to MR. Sheikh Jubair For Hydrophobic Rock Melon Purchase bill,Current Account with Safir Sir (Personal),Current Account with Safir Rahman,8670.0,0.0000,Payment[Cash],29,group_29,current account with safir sir
2022-08-02,CPV220800343,C-0455,Paid to MR. Sheikh Jubair For Hydrophobic Rock Melon Purchase bill,Head Office Cash,Cash-in-Hand,0.0,8670.0000,Payment[Cash],12,group_12,head office cash
2022-08-02,CPV220800360,BD-0299,"Purchase of recondition self, LPG Kit, Flexible pipe, Gas mixer & maints & fitting charge for forklift-08. PO# 22070268.",Repairs & Maint-Forklift,Fac Repairs Maintenance,19500.0,0.0000,Payment[Cash],3,group_3,repairs & maint-forklift
2022-08-02,CPV220800360,BD-0299,"Purchase of recondition self, LPG Kit, Flexible pipe, Gas mixer & maints & fitting charge for forklift-08. PO# 22070268.",Bogra Plant Cash,Cash-in-Hand,0.0,19500.0000,Payment[Cash],4,group_4,bogra plant cash
2022-08-04,CPV220800579,C-0479,Paid to MR. Amirul Haque Mollick Sr. Officer Head Office QFL For Holding Tax.,Current Account with MKR,"Current Account with Directors\', '175000.0000",0.0,Payment[Cash],,29,group_29,current account with mkr
2022-08-04,CPV220800579,C-0479,Paid to MR. Amirul Haque Mollick Sr. Officer Head Office QFL For Holding Tax.,Head Office Cash,Cash-in-Hand,0.0,175000.0000,Payment[Cash],12,group_12,head office cash
2022-08-04,CPV220800580,C-0480,Paid to Mr. Maruf Sr. Officer QFL Admin For Mr. Safir Rahman & Mr. Basir Rahman  Utility Bill for the Month of July-2022,Directors\' Apt. Service Charge-DD[Safir],Utility Expense of DD[Safir Rahman],15000.0,0.0000,Payment[Cash],47,group_47,directors apt. service charge-dd
2022-08-04,CPV220800580,C-0480,Paid to Mr. Maruf Sr. Officer QFL Admin For Mr. Safir Rahman & Mr. Basir Rahman  Utility Bill for the Month of July-2022,Directors\' Apt. Service Charge-FD[Basir],Utility Expense of FD[Basir Rahman],15000.0,0.0000,Payment[Cash],47,group_47,directors apt. service charge-fd
2022-08-04,CPV220800580,C-0480,Paid to Mr. Maruf Sr. Officer QFL Admin For Mr. Safir Rahman & Mr. Basir Rahman  Utility Bill for the Month of July-2022,Current Account with Safir Sir (Personal),Current Account with Safir Rahman,7995.0,0.0000,Payment[Cash],29,group_29,current account with safir sir
2022-08-04,CPV220800580,C-0480,Paid to Mr. Maruf Sr. Officer QFL Admin For Mr. Safir Rahman & Mr. Basir Rahman  Utility Bill for the Month of July-2022,Current Account with Basir Rahman,"Current Account with Directors\', '7994.0000",0.0,Payment[Cash],,11,group_11,current account with basir rahman
2022-08-04,CPV220800580,C-0480,Paid to Mr. Maruf Sr. Officer QFL Admin For Mr. Safir Rahman & Mr. Basir Rahman  Utility Bill for the Month of July-2022,Head Office Cash,Cash-in-Hand,0.0,45989.0000,Payment[Cash],12,group_12,head office cash
2022-08-04,CPV220800581,C-0481,Paid to Mr. Maruf Sr. Officer QFL Admin For C.M. Sir  Utility Bill for the Month of July-2022,Directors\' Apt. Service Charge-CM,Utility Expense of CM,50418.0,0.0000,Payment[Cash],47,group_47,directors apt. service charge-cm
2022-08-04,CPV220800581,C-0481,Paid to Mr. Maruf Sr. Officer QFL Admin For C.M. Sir  Utility Bill for the Month of July-2022,Head Office Cash,Cash-in-Hand,0.0,50418.0000,Payment[Cash],12,group_12,head office cash
2022-08-04,CPV220800582,C-0483,personal exp,Current Account with IBS,"Current Account with Directors\', '25000.0000",0.0,Payment[Cash],,26,group_26,current account with ibs
2022-08-04,CPV220800582,C-0483,personal exp,Head Office Cash,Cash-in-Hand,0.0,25000.0000,Payment[Cash],12,group_12,head office cash
2022-08-04,CPV220800583,C-0484,personal exp,Current Account with SH,"Current Account with Directors\', '1980.0000",0.0,Payment[Cash],,38,group_38,current account with sh
2022-08-04,CPV220800583,C-0484,personal exp,Head Office Cash,Cash-in-Hand,0.0,1980.0000,Payment[Cash],12,group_12,head office cash
2022-08-04,CPV220800584,C-0485,"For, fish, meat, oil, rice, egg, butter, & vegetables",Top Managements\' Canteen Exp.,Canteen Expenses,33355.0,0.0000,Payment[Cash],40,group_40,top managements canteen exp.
2022-08-04,CPV220800584,C-0485,"For, fish, meat, oil, rice, egg, butter, & vegetables",Head Office Cash,Cash-in-Hand,0.0,33355.0000,Payment[Cash],12,group_12,head office cash
2022-08-04,CPV220800585,C-0486,"for, Paid to Rajon( Cook) for  bazar Exp",Current Account with SMF,"Current Account with Directors\', '2400.0000",0.0,Payment[Cash],,29,group_29,current account with smf
2022-08-04,CPV220800585,C-0486,"for, Paid to Rajon( Cook) for  bazar Exp",Head Office Cash,Cash-in-Hand,0.0,2400.0000,Payment[Cash],12,group_12,head office cash
2022-08-04,CPV220800586,C-0487,"Paid to i infotech for  HRM software, TRPO System,  Month of  July-2022",Software Development & Service Charges,Computer Ancillary Exp.,31932.0,0.0000,Payment[Cash],47,group_47,software development & service charges
2022-08-04,CPV220800586,C-0487,"Paid to i infotech for  HRM software, TRPO System,  Month of  July-2022",Head Office Cash,Cash-in-Hand,0.0,31932.0000,Payment[Cash],12,group_12,head office cash
2022-08-04,CPV220800587,C-0488,"for, Octan & Cng",Fuel Expenses-Discovery No.11-8701,Fuel Expenses-General,5460.0,0.0000,Payment[Cash],56,group_56,fuel expenses-discovery no. -
2022-08-04,CPV220800587,C-0488,"for, Octan & Cng",Conveyance Allowances,Administrative Expenses,250.0,0.0000,Payment[Cash],42,group_42,conveyance allowances
2022-08-04,CPV220800587,C-0488,"for, Octan & Cng",Head Office Cash,Cash-in-Hand,0.0,5710.0000,Payment[Cash],12,group_12,head office cash
2022-08-04,CPV220800588,C-0489,Paid to Mr. M. A  Rashid For Utility Bill month of July-2022,Utilities Bill-DD(A. Rashid),Administrative Expenses,15000.0,0.0000,Payment[Cash],34,group_34,utilities bill-dd
2022-08-04,CPV220800588,C-0489,Paid to Mr. M. A  Rashid For Utility Bill month of July-2022,Medical Exp[Mr.Rashid]-Depty Director,Medical & Accidental Exp-Officers,10000.0,0.0000,Payment[Cash],24,group_24,medical exp -depty director
2022-08-04,CPV220800588,C-0489,Paid to Mr. M. A  Rashid For Utility Bill month of July-2022,Head Office Cash,Cash-in-Hand,0.0,25000.0000,Payment[Cash],12,group_12,head office cash
2022-08-04,CPV220800589,C-0490,"paid to Mr. Arif Hyder for Utility Bill, month Of  july-2022",Utilities Bill-AD(Arif Haider),Administrative Expenses,10000.0,0.0000,Payment[Cash],34,group_34,utilities bill-ad
2022-08-04,CPV220800589,C-0490,"paid to Mr. Arif Hyder for Utility Bill, month Of  july-2022",Medical Exp-[Arif Haider]-AD,Medical & Accidental Exp-Officers,5000.0,0.0000,Payment[Cash],53,group_53,medical exp- -ad
2022-08-04,CPV220800589,C-0490,"paid to Mr. Arif Hyder for Utility Bill, month Of  july-2022",Head Office Cash,Cash-in-Hand,0.0,15000.0000,Payment[Cash],12,group_12,head office cash
2022-08-04,CPV220800590,C-0491,"Paid to  CP bd ltd for 19,600 DOC @19=3,72,400/=Hobigonj Broiler Shed Unit-7,Batch-57 to 60",HBF-DOC Costs,Hobigonj Broiler Farm Expenses,372400.0,0.0000,Payment[Cash],58,group_58,hbf-doc costs
2022-08-04,CPV220800590,C-0491,"Paid to  CP bd ltd for 19,600 DOC @19=3,72,400/=Hobigonj Broiler Shed Unit-7,Batch-57 to 60",Head Office Cash,Cash-in-Hand,0.0,372400.0000,Payment[Cash],12,group_12,head office cash
2022-08-04,CPV220800591,C-0492,"Paid to Sheikh Jubair For R& D Lience Renwal Perpose,",Adv to Sheikh Jubair-Mkt.A(HO),Advance to Employee of HO,21000.0,0.0000,Payment[Cash],11,group_11,adv to sheikh jubair-mkt.a
2022-08-04,CPV220800591,C-0492,"Paid to Sheikh Jubair For R& D Lience Renwal Perpose,",Head Office Cash,Cash-in-Hand,0.0,21000.0000,Payment[Cash],12,group_12,head office cash
2022-08-04,CPV220800592,C-0493,"For Bus,Rickshaw fare",Conveyance Allowances,Administrative Expenses,1360.0,0.0000,Payment[Cash],42,group_42,conveyance allowances
2022-08-04,CPV220800592,C-0493,"For Bus,Rickshaw fare",Head Office Cash,Cash-in-Hand,0.0,1360.0000,Payment[Cash],12,group_12,head office cash
2022-08-04,CPV220800593,C-0494,For the Month of July-2022 Q - Center & Head Office QFL.,Out of Pocket Payable,Liabilities for Expenses,393300.0,0.0000,Payment[Cash],33,group_33,out of pocket payable
2022-08-04,CPV220800593,C-0494,For the Month of July-2022 Q - Center & Head Office QFL.,Head Office Cash,Cash-in-Hand,0.0,393300.0000,Payment[Cash],12,group_12,head office cash
2022-08-04,CPV220800594,C-0495,For the Month of July-2022  Director & Head Office QFL.,Staff House Rent Payable,Liabilities for Expenses,770400.0,0.0000,Payment[Cash],32,group_32,staff house rent payable
2022-08-04,CPV220800594,C-0495,For the Month of July-2022  Director & Head Office QFL.,Head Office Cash,Cash-in-Hand,0.0,770400.0000,Payment[Cash],12,group_12,head office cash
2022-08-04,CPV220800595,C-0496,For the Month of July-2022  Director & Head Office QFL.,Car Allowance-H/O,Salary & Allowances,250000.0,0.0000,Payment[Cash],59,group_59,car allowance-h/o
2022-08-04,CPV220800595,C-0496,For the Month of July-2022  Director & Head Office QFL.,Head Office Cash,Cash-in-Hand,0.0,250000.0000,Payment[Cash],12,group_12,head office cash
2022-08-04,CPV220800596,C-0497,"Broiler Integration Farm tk. 2,54,611/-,Depot Personal tk.51,540/-,Casual Worker tk.  48,300/-,QFL Head Office tk. 9,29,644/- For the Month of July-2022.",Salary & Allowances Payable,Liabilities for Expenses,1284095.0,0.0000,Payment[Cash],31,group_31,salary & allowances payable
2022-08-04,CPV220800596,C-0497,"Broiler Integration Farm tk. 2,54,611/-,Depot Personal tk.51,540/-,Casual Worker tk.  48,300/-,QFL Head Office tk. 9,29,644/- For the Month of July-2022.",Head Office Cash,Cash-in-Hand,0.0,1284095.0000,Payment[Cash],12,group_12,head office cash
2022-08-03,CPV221100117,ND-0271,"Truck fare for carriage empty pp bag, MRR No# GRN-2422080061.",AP Alliance Bags Ltd.,Sundry Creditors,10000.0,0.0000,Payment[Cash],60,group_60,ap alliance bags ltd.
2022-08-03,CPV221100117,ND-0271,"Truck fare for carriage empty pp bag, MRR No# GRN-2422080061.",Nandigram Plant Cash,Cash-in-Hand,0.0,10000.0000,Payment[Cash],4,group_4,nandigram plant cash
2022-08-03,CPV230500351,C-17,Phuto copy purpose.,CWIP-QC&QR: Others,CWIP Q-Center & Q-Residences,5665.0,0.0000,Payment[Cash],61,group_61,cwip-qc&qr others
2022-08-03,CPV230500351,C-17,Phuto copy purpose.,Cash for Q-Center & Q-Residence,Cash-in-Hand,0.0,5665.0000,Payment[Cash],62,group_62,cash for q-center & q-residence
2022-08-03,CPV230500352,C-18,Car fuel DMD sir.,CWIP-QC&QR: Preliminary Exp Q. Center,CWIP Q-Center Stock,4520.0,0.0000,Payment[Cash],61,group_61,cwip-qc&qr preliminary exp q. center
2022-08-03,CPV230500352,C-18,Car fuel DMD sir.,Cash for Q-Center & Q-Residence,Cash-in-Hand,0.0,4520.0000,Payment[Cash],62,group_62,cash for q-center & q-residence
2022-08-03,CPV230500353,C-19,Scaffolding Painting purpose Labour Payment.,CWIP-QC&QR: Cost of Podium Floor -1,CWIP-QC&QR: Cost of Superstructure(GF to 16th Floor,37190.0,0.0000,Payment[Cash],61,group_61,cwip-qc&qr cost of podium floor -
2022-08-03,CPV230500353,C-19,Scaffolding Painting purpose Labour Payment.,Cash for Q-Center & Q-Residence,Cash-in-Hand,0.0,37190.0000,Payment[Cash],62,group_62,cash for q-center & q-residence
2022-08-04,CPV230500354,C-20,Patty cash,Adv to Sorwar Q-Center & Q-Residence,Advance for Q-Center & Q-Residences,30000.0,0.0000,Payment[Cash],62,group_62,adv to sorwar q-center & q-residence
2022-08-04,CPV230500354,C-20,Patty cash,Cash for Q-Center & Q-Residence,Cash-in-Hand,0.0,30000.0000,Payment[Cash],62,group_62,cash for q-center & q-residence
2022-08-03,PV220800001,FCD-0332,Amount Paid to worker for night Allowance  Bill Purposes,Fac Snacks Expenses for Night Duty-Workers,Factory Overhead (Direct),2600.0,0.0000,Payment[Cash],5,group_5,fac snacks expenses for night duty-workers
2022-08-03,PV220800001,FCD-0332,Amount Paid to worker for night Allowance  Bill Purposes,Gazipur Plant Cash,Cash-in-Hand,0.0,2600.0000,Payment[Cash],4,group_4,gazipur plant cash
2022-08-03,PV220800001,FCD-0333,Amount Paid to Nazim uddin for Marriage Gift Purposes,Fac Gift & Donation,Factory Overhead (Indirect),10000.0,0.0000,Payment[Cash],50,group_50,fac gift & donation
2022-08-03,PV220800001,FCD-0333,Amount Paid to Nazim uddin for Marriage Gift Purposes,Gazipur Plant Cash,Cash-in-Hand,0.0,10000.0000,Payment[Cash],4,group_4,gazipur plant cash
2022-08-03,PV220800001,FCD-0334,Saidul Shed Rent July-2022 Purposes,Factory Lease Rent Payable,Liabilities for Expenses,10600.0,0.0000,Payment[Cash],63,group_63,factory lease rent payable
2022-08-03,PV220800001,FCD-0334,Saidul Shed Rent July-2022 Purposes,Gazipur Plant Cash,Cash-in-Hand,0.0,10600.0000,Payment[Cash],4,group_4,gazipur plant cash
2022-08-03,PV220800001,FCD-0335,Revenue Stamp Purchase Purposes,"Fac Postage,Stamp & Courier",Factory Overhead (Indirect),3570.0,0.0000,Payment[Cash],36,group_36,fac postage stamp & courier
2022-08-03,PV220800001,FCD-0335,Revenue Stamp Purchase Purposes,Gazipur Plant Cash,Cash-in-Hand,0.0,3570.0000,Payment[Cash],4,group_4,gazipur plant cash
2022-08-03,PV220800001,FCD-0336,Amount Paid to Driver for L/C Maize Carring Purposes,Carriage Inward-Import,Carriage Inword-Import,133890.0,0.0000,Payment[Cash],8,group_8,carriage inward-import
2022-08-03,PV220800001,FCD-0336,Amount Paid to Driver for L/C Maize Carring Purposes,Gazipur Plant Cash,Cash-in-Hand,0.0,133890.0000,Payment[Cash],4,group_4,gazipur plant cash
2022-08-03,PV220800001,FCD-0337,Amount Paid to Driver for L/C Maize Carring Purposes,Carriage Inward-Import,Carriage Inword-Import,36120.0,0.0000,Payment[Cash],8,group_8,carriage inward-import
2022-08-03,PV220800001,FCD-0337,Amount Paid to Driver for L/C Maize Carring Purposes,Gazipur Plant Cash,Cash-in-Hand,0.0,36120.0000,Payment[Cash],4,group_4,gazipur plant cash
2022-08-03,PV220800001,FCD-0338,Amount Paid to Driver for L/C Maize Carring Purposes,Carriage Inward-Import,Carriage Inword-Import,43620.0,0.0000,Payment[Cash],8,group_8,carriage inward-import
2022-08-03,PV220800001,FCD-0338,Amount Paid to Driver for L/C Maize Carring Purposes,Gazipur Plant Cash,Cash-in-Hand,0.0,43620.0000,Payment[Cash],4,group_4,gazipur plant cash
2022-08-03,PV220800001,FCD-0339,Amount Paid to Driver for L/C Maize Carring Purposes,Carriage Inward-Import,Carriage Inword-Import,75540.0,0.0000,Payment[Cash],8,group_8,carriage inward-import
2022-08-03,PV220800001,FCD-0339,Amount Paid to Driver for L/C Maize Carring Purposes,Gazipur Plant Cash,Cash-in-Hand,0.0,75540.0000,Payment[Cash],4,group_4,gazipur plant cash
2022-08-04,PV220800001,FCD-0340,Amount Paid to officer & Staff for  Salary & Allowance July -2022 Purposes,Salary & Allowances Payable,Liabilities for Expenses,256839.0,0.0000,Payment[Cash],31,group_31,salary & allowances payable
2022-08-04,PV220800001,FCD-0340,Amount Paid to officer & Staff for  Salary & Allowance July -2022 Purposes,Gazipur Plant Cash,Cash-in-Hand,0.0,256839.0000,Payment[Cash],4,group_4,gazipur plant cash
2022-08-04,PV220800001,FCD-0341,Amount Paid to layer farm Staff for  Salary & Allowance July -2022 Purposes,Salary & Allowances Payable,Liabilities for Expenses,241929.0,0.0000,Payment[Cash],31,group_31,salary & allowances payable
2022-08-04,PV220800001,FCD-0341,Amount Paid to layer farm Staff for  Salary & Allowance July -2022 Purposes,Gazipur Plant Cash,Cash-in-Hand,0.0,241929.0000,Payment[Cash],4,group_4,gazipur plant cash
2022-08-04,PV220800001,FCD-0342,Amount Paid to PW & CW  Worker for  Salary & Wages  July -2022 Purposes,Salary & Allowances Payable,Liabilities for Expenses,851996.0,0.0000,Payment[Cash],31,group_31,salary & allowances payable
2022-08-04,PV220800001,FCD-0342,Amount Paid to PW & CW  Worker for  Salary & Wages  July -2022 Purposes,CW Salary & Allowances Payable,Liabilities for Expenses,1277761.0,0.0000,Payment[Cash],31,group_31,cw salary & allowances payable
2022-08-04,PV220800001,FCD-0342,Amount Paid to PW & CW  Worker for  Salary & Wages  July -2022 Purposes,Gazipur Plant Cash,Cash-in-Hand,0.0,2129757.0000,Payment[Cash],4,group_4,gazipur plant cash
2022-08-04,PV220800001,FCD-0343,Amount Paid to Fac.Officer for  Out of Pocket July -2022 Purposes,Out of Pocket Payable,Liabilities for Expenses,206450.0,0.0000,Payment[Cash],33,group_33,out of pocket payable
2022-08-04,PV220800001,FCD-0343,Amount Paid to Fac.Officer for  Out of Pocket July -2022 Purposes,Gazipur Plant Cash,Cash-in-Hand,0.0,206450.0000,Payment[Cash],4,group_4,gazipur plant cash
2022-08-04,PV220800001,FCD-0344,Amount Paid to Fac.Officer for  House Rent July -2022 Purposes,Staff House Rent Payable,Liabilities for Expenses,144800.0,0.0000,Payment[Cash],32,group_32,staff house rent payable
2022-08-04,PV220800001,FCD-0344,Amount Paid to Fac.Officer for  House Rent July -2022 Purposes,Gazipur Plant Cash,Cash-in-Hand,0.0,144800.0000,Payment[Cash],4,group_4,gazipur plant cash
2022-08-04,PV220800001,FCD-0346,Dumni Layer Farm Trade Licence 2022-2023  Purposes,Registration & Renewal,Administrative Expenses,33960.0,0.0000,Payment[Cash],7,group_7,registration & renewal
2022-08-04,PV220800001,FCD-0346,Dumni Layer Farm Trade Licence 2022-2023  Purposes,Gazipur Plant Cash,Cash-in-Hand,0.0,33960.0000,Payment[Cash],4,group_4,gazipur plant cash
2022-08-04,PV220800001,FCD-0345,Amount Paid to Md.Shahadat Hossain GM-PIC for Car Allowance July -2022 Purposes,Fac Car Allowance,Fac Salary & Allowance,48000.0,0.0000,Payment[Cash],59,group_59,fac car allowance
2022-08-04,PV220800001,FCD-0345,Amount Paid to Md.Shahadat Hossain GM-PIC for Car Allowance July -2022 Purposes,Gazipur Plant Cash,Cash-in-Hand,0.0,48000.0000,Payment[Cash],4,group_4,gazipur plant cash
2022-08-04,PV220800001,FCD-0347,Mofiz Shed Rent July 2022  Purposes,Factory Lease Rent Payable,Liabilities for Expenses,30000.0,0.0000,Payment[Cash],63,group_63,factory lease rent payable
2022-08-04,PV220800001,FCD-0347,Mofiz Shed Rent July 2022  Purposes,Gazipur Plant Cash,Cash-in-Hand,0.0,30000.0000,Payment[Cash],4,group_4,gazipur plant cash
2022-08-04,PV220800001,FCD-0348,Night Allowance Bill Purposes,Fac Snacks Expenses for Night Duty-Officer & Staff,Fac Canteen Expenses,750.0,0.0000,Payment[Cash],5,group_5,fac snacks expenses for night duty-officer & staff
2022-08-04,PV220800001,FCD-0348,Night Allowance Bill Purposes,Gazipur Plant Cash,Cash-in-Hand,0.0,750.0000,Payment[Cash],4,group_4,gazipur plant cash
2022-08-04,PV220800001,FCD-0349,Night Allowance Bill Purposes,Fac Snacks Expenses for Night Duty-Workers,Factory Overhead (Direct),3000.0,0.0000,Payment[Cash],5,group_5,fac snacks expenses for night duty-workers
2022-08-04,PV220800001,FCD-0349,Night Allowance Bill Purposes,Gazipur Plant Cash,Cash-in-Hand,0.0,3000.0000,Payment[Cash],4,group_4,gazipur plant cash
2022-08-04,PV220800001,FCD-0350,T/ Allowance Bill Purposes,Fac Conveyance Allowance,Factory Overhead (Indirect),1130.0,0.0000,Payment[Cash],42,group_42,fac conveyance allowance
2022-08-04,PV220800001,FCD-0350,T/ Allowance Bill Purposes,Gazipur Plant Cash,Cash-in-Hand,0.0,1130.0000,Payment[Cash],4,group_4,gazipur plant cash
2022-08-04,PV220800001,FCD-0351,Amount Paid to Driver for L/C Maize Carring Purposes,Carriage Inward-Import,Carriage Inword-Import,71760.0,0.0000,Payment[Cash],8,group_8,carriage inward-import
2022-08-04,PV220800001,FCD-0351,Amount Paid to Driver for L/C Maize Carring Purposes,Gazipur Plant Cash,Cash-in-Hand,0.0,71760.0000,Payment[Cash],4,group_4,gazipur plant cash
2022-08-04,PV220800001,FCD-0352,Amount Paid to Driver for L/C Maize Carring Purposes,Carriage Inward-Import,Carriage Inword-Import,34660.0,0.0000,Payment[Cash],8,group_8,carriage inward-import
2022-08-04,PV220800001,FCD-0352,Amount Paid to Driver for L/C Maize Carring Purposes,Gazipur Plant Cash,Cash-in-Hand,0.0,34660.0000,Payment[Cash],4,group_4,gazipur plant cash
2022-08-04,PV220800001,FCD-0353,Amount Paid to Driver for L/C Maize Carring Purposes,Carriage Inward-Import,Carriage Inword-Import,20970.0,0.0000,Payment[Cash],8,group_8,carriage inward-import
2022-08-04,PV220800001,FCD-0353,Amount Paid to Driver for L/C Maize Carring Purposes,Gazipur Plant Cash,Cash-in-Hand,0.0,20970.0000,Payment[Cash],4,group_4,gazipur plant cash
2022-08-04,PV220800001,FCD-0354,Amount Paid to Driver for L/C Maize Carring Purposes,Carriage Inward-Import,Carriage Inword-Import,64440.0,0.0000,Payment[Cash],8,group_8,carriage inward-import
2022-08-04,PV220800001,FCD-0354,Amount Paid to Driver for L/C Maize Carring Purposes,Gazipur Plant Cash,Cash-in-Hand,0.0,64440.0000,Payment[Cash],4,group_4,gazipur plant cash
2022-08-01,PV220800001,FCD-0300,Night Allowance Bill purposes,Fac Snacks Expenses for Night Duty-Officer & Staff,Fac Canteen Expenses,525.0,0.0000,Payment[Cash],5,group_5,fac snacks expenses for night duty-officer & staff
2022-08-01,PV220800001,FCD-0300,Night Allowance Bill purposes,Gazipur Plant Cash,Cash-in-Hand,0.0,525.0000,Payment[Cash],4,group_4,gazipur plant cash
2022-08-01,PV220800001,FCD-0301,Night Allowance Bill purposes,Fac Snacks Expenses for Night Duty-Workers,Factory Overhead (Direct),2600.0,0.0000,Payment[Cash],5,group_5,fac snacks expenses for night duty-workers
2022-08-01,PV220800001,FCD-0301,Night Allowance Bill purposes,Gazipur Plant Cash,Cash-in-Hand,0.0,2600.0000,Payment[Cash],4,group_4,gazipur plant cash
2022-08-01,PV220800001,FCD-0302,T/A Bill purposes,Fac Conveyance Allowance,Factory Overhead (Indirect),3670.0,0.0000,Payment[Cash],42,group_42,fac conveyance allowance
2022-08-01,PV220800001,FCD-0302,T/A Bill purposes,Gazipur Plant Cash,Cash-in-Hand,0.0,3670.0000,Payment[Cash],4,group_4,gazipur plant cash
2022-08-01,PV220800001,FCD-0303,Official Entertainment Bill purposes,Fac Canteen Expenses,Fac Canteen Expenses,2700.0,0.0000,Payment[Cash],5,group_5,fac canteen expenses
2022-08-01,PV220800001,FCD-0303,Official Entertainment Bill purposes,Gazipur Plant Cash,Cash-in-Hand,0.0,2700.0000,Payment[Cash],4,group_4,gazipur plant cash
2022-08-01,PV220800001,FCD-0304,"13-4291, Fuel Purposes",Fac Fuel Exp.No.13-4291[Mitsubishi],Fac Car Fuel Expenses,4200.0,0.0000,Payment[Cash],43,group_43,fac fuel exp.no. -
2022-08-01,PV220800001,FCD-0304,"13-4291, Fuel Purposes",Gazipur Plant Cash,Cash-in-Hand,0.0,4200.0000,Payment[Cash],4,group_4,gazipur plant cash
2022-08-01,PV220800001,FCD-0305,Octain  Purchase Purposes,Fac Fuel Exp.No.15-0966[Toyota ACE],Fac Car Fuel Expenses,3195.0,0.0000,Payment[Cash],43,group_43,fac fuel exp.no. -
2022-08-01,PV220800001,FCD-0305,Octain  Purchase Purposes,Gazipur Plant Cash,Cash-in-Hand,0.0,3195.0000,Payment[Cash],4,group_4,gazipur plant cash
2022-08-01,PV220800001,FCD-0306,Diesel  Purchase Purposes,Fac Fuel Exp.No.13-1510[Drum Truck],Fac Car Fuel Expenses,3382.0,0.0000,Payment[Cash],43,group_43,fac fuel exp.no. -
2022-08-01,PV220800001,FCD-0306,Diesel  Purchase Purposes,Gazipur Plant Cash,Cash-in-Hand,0.0,3382.0000,Payment[Cash],4,group_4,gazipur plant cash
2022-08-01,PV220800001,FCD-0307,Diesel  Purchase Purposes,Fac Fuel Exp. Isuzu NKR# 11-2007,Carriage Outword,5000.0,0.0000,Payment[Cash],10,group_10,fac fuel exp. isuzu nkr -
2022-08-01,PV220800001,FCD-0307,Diesel  Purchase Purposes,Gazipur Plant Cash,Cash-in-Hand,0.0,5000.0000,Payment[Cash],4,group_4,gazipur plant cash
2022-08-01,PV220800001,FCD-0308,Three Wheeler(01-04) Maint. Purposes,Repairs & Maint-3 Wheeler,Fac Repairs Maintenance,1350.0,0.0000,Payment[Cash],3,group_3,repairs & maint- wheeler
2022-08-01,PV220800001,FCD-0308,Three Wheeler(01-04) Maint. Purposes,Gazipur Plant Cash,Cash-in-Hand,0.0,1350.0000,Payment[Cash],4,group_4,gazipur plant cash
2022-08-01,PV220800001,FCD-0309,Local RM Carring Purposes,Carriage Inward-Local,Local Purchase,2540.0,0.0000,Payment[Cash],8,group_8,carriage inward-local
2022-08-01,PV220800001,FCD-0309,Local RM Carring Purposes,Gazipur Plant Cash,Cash-in-Hand,0.0,2540.0000,Payment[Cash],4,group_4,gazipur plant cash
2022-08-01,PV220800001,FCD-0310,Maize Unloading Charge Purposes,Fac Loading & Unloading Exp.,Factory Overhead (Direct),5530.0,0.0000,Payment[Cash],19,group_19,fac loading & unloading exp.
2022-08-01,PV220800001,FCD-0310,Maize Unloading Charge Purposes,Gazipur Plant Cash,Cash-in-Hand,0.0,5530.0000,Payment[Cash],4,group_4,gazipur plant cash
2022-08-01,PV220800001,FCD-0311,CDDGS  Unloading Charge Purposes,Fac Loading & Unloading Exp.,Factory Overhead (Direct),860.0,0.0000,Payment[Cash],19,group_19,fac loading & unloading exp.
2022-08-01,PV220800001,FCD-0311,CDDGS  Unloading Charge Purposes,Gazipur Plant Cash,Cash-in-Hand,0.0,860.0000,Payment[Cash],4,group_4,gazipur plant cash
2022-08-01,PV220800001,FCD-0312,SFF  Unloading Charge Purposes,Fac Loading & Unloading Exp.,Factory Overhead (Direct),960.0,0.0000,Payment[Cash],19,group_19,fac loading & unloading exp.
2022-08-01,PV220800001,FCD-0312,SFF  Unloading Charge Purposes,Gazipur Plant Cash,Cash-in-Hand,0.0,960.0000,Payment[Cash],4,group_4,gazipur plant cash
2022-08-01,PV220800001,FCD-0313,Atta  Unloading Charge Purposes,Fac Loading & Unloading Exp.,Factory Overhead (Direct),660.0,0.0000,Payment[Cash],19,group_19,fac loading & unloading exp.
2022-08-01,PV220800001,FCD-0313,Atta  Unloading Charge Purposes,Gazipur Plant Cash,Cash-in-Hand,0.0,660.0000,Payment[Cash],4,group_4,gazipur plant cash
2022-08-01,PV220800001,FCD-0314,Lime Stone  Unloading Charge Purposes,Fac Loading & Unloading Exp.,Factory Overhead (Direct),340.0,0.0000,Payment[Cash],19,group_19,fac loading & unloading exp.
2022-08-01,PV220800001,FCD-0314,Lime Stone  Unloading Charge Purposes,Gazipur Plant Cash,Cash-in-Hand,0.0,340.0000,Payment[Cash],4,group_4,gazipur plant cash
2022-08-01,PV220800001,FCD-0315,Medical Treatment  Purposes,Fac Medical & Acc. Exp-General,Fac Medical Expenses,1783.0,0.0000,Payment[Cash],24,group_24,fac medical & acc. exp-general
2022-08-01,PV220800001,FCD-0315,Medical Treatment  Purposes,Gazipur Plant Cash,Cash-in-Hand,0.0,1783.0000,Payment[Cash],4,group_4,gazipur plant cash
2022-08-01,PV220800001,FCD-0316,Mechanical Goods carring  Purposes,Carriage Inward-Local,Local Purchase,11550.0,0.0000,Payment[Cash],8,group_8,carriage inward-local
2022-08-01,PV220800001,FCD-0316,Mechanical Goods carring  Purposes,Gazipur Plant Cash,Cash-in-Hand,0.0,11550.0000,Payment[Cash],4,group_4,gazipur plant cash
2022-08-01,PV220800001,FCD-0317,Amount Paid to Driver for L/C Maize Carring Purposes,Carriage Inward-Import,Carriage Inword-Import,94760.0,0.0000,Payment[Cash],8,group_8,carriage inward-import
2022-08-01,PV220800001,FCD-0317,Amount Paid to Driver for L/C Maize Carring Purposes,Gazipur Plant Cash,Cash-in-Hand,0.0,94760.0000,Payment[Cash],4,group_4,gazipur plant cash
2022-08-01,PV220800001,FCD-0318,Amount Paid to Driver for L/C Maize Carring Purposes,Carriage Inward-Import,Carriage Inword-Import,18390.0,0.0000,Payment[Cash],8,group_8,carriage inward-import
2022-08-01,PV220800001,FCD-0318,Amount Paid to Driver for L/C Maize Carring Purposes,Gazipur Plant Cash,Cash-in-Hand,0.0,18390.0000,Payment[Cash],4,group_4,gazipur plant cash
2022-08-02,PV220800001,FCD-0319,Amount Paid to Shahidul Islam ABL for ABL Petty Cash  Purposes,Current Account with ABL,Inter Company Control Account,100000.0,0.0000,Payment[Cash],26,group_26,current account with abl
2022-08-02,PV220800001,FCD-0319,Amount Paid to Shahidul Islam ABL for ABL Petty Cash  Purposes,Gazipur Plant Cash,Cash-in-Hand,0.0,100000.0000,Payment[Cash],4,group_4,gazipur plant cash
2022-08-02,PV220800001,FCD-0320,T/A Bill Purposes,Fac Conveyance Allowance,Factory Overhead (Indirect),850.0,0.0000,Payment[Cash],42,group_42,fac conveyance allowance
2022-08-02,PV220800001,FCD-0320,T/A Bill Purposes,Gazipur Plant Cash,Cash-in-Hand,0.0,850.0000,Payment[Cash],4,group_4,gazipur plant cash
2022-08-02,PV220800001,FCD-0321,Octain Purchase  Purposes,Fac Fuel Exp.No.15-0966[Toyota ACE],Fac Car Fuel Expenses,5833.0,0.0000,Payment[Cash],43,group_43,fac fuel exp.no. -
2022-08-02,PV220800001,FCD-0321,Octain Purchase  Purposes,Gazipur Plant Cash,Cash-in-Hand,0.0,5833.0000,Payment[Cash],4,group_4,gazipur plant cash
2022-08-02,PV220800001,FCD-0322,Octain Purchase  Purposes,Fac Car Maint.No.15-0966[Toyota ACE],Fac Car Maintenance,2450.0,0.0000,Payment[Cash],44,group_44,fac car maint.no. -
2022-08-02,PV220800001,FCD-0322,Octain Purchase  Purposes,Gazipur Plant Cash,Cash-in-Hand,0.0,2450.0000,Payment[Cash],4,group_4,gazipur plant cash
2022-08-02,PV220800001,FCD-0323,"15-0966,Toll Purposes",Fac Toll Exp for Others Vehicle,Factory Overhead (Indirect),1200.0,0.0000,Payment[Cash],37,group_37,fac toll exp for others vehicle
2022-08-02,PV220800001,FCD-0323,"15-0966,Toll Purposes",Gazipur Plant Cash,Cash-in-Hand,0.0,1200.0000,Payment[Cash],4,group_4,gazipur plant cash
2022-08-02,PV220800001,FCD-0324,Garlic Carring  Purposes,Carriage Inward-Local,Local Purchase,1900.0,0.0000,Payment[Cash],8,group_8,carriage inward-local
2022-08-02,PV220800001,FCD-0324,Garlic Carring  Purposes,Gazipur Plant Cash,Cash-in-Hand,0.0,1900.0000,Payment[Cash],4,group_4,gazipur plant cash
2022-08-02,PV220800001,FCD-0328,Amount Paid to Habibur Rahman for Habi Land  Rent July-2022 Purposes,Factory Lease Rent Payable,Liabilities for Expenses,10000.0,0.0000,Payment[Cash],63,group_63,factory lease rent payable
2022-08-02,PV220800001,FCD-0328,Amount Paid to Habibur Rahman for Habi Land  Rent July-2022 Purposes,Gazipur Plant Cash,Cash-in-Hand,0.0,10000.0000,Payment[Cash],4,group_4,gazipur plant cash
2022-08-02,PV220800001,FCD-0329,Amount Paid to Habibur Rahman for Staff House  Rent July-2022 Purposes,Fac Staff House Rent,Fac Salary & Allowance,17500.0,0.0000,Payment[Cash],32,group_32,fac staff house rent
2022-08-02,PV220800001,FCD-0329,Amount Paid to Habibur Rahman for Staff House  Rent July-2022 Purposes,Gazipur Plant Cash,Cash-in-Hand,0.0,17500.0000,Payment[Cash],4,group_4,gazipur plant cash
2022-08-02,PV220800001,FCD-0330,Amount Paid to Md.Sobir Hossain sr.Supervisor store for Medical Bill Purposes,Health Policy Expense,Staff Welfare Expenses,12000.0,0.0000,Payment[Cash],15,group_15,health policy expense
2022-08-02,PV220800001,FCD-0330,Amount Paid to Md.Sobir Hossain sr.Supervisor store for Medical Bill Purposes,Gazipur Plant Cash,Cash-in-Hand,0.0,12000.0000,Payment[Cash],4,group_4,gazipur plant cash
2022-08-02,PV220800001,FCD-0325,Amount Paid to Driver for L/C Maize Carring Purposes,Carriage Inward-Import,Carriage Inword-Import,36890.0,0.0000,Payment[Cash],8,group_8,carriage inward-import
2022-08-02,PV220800001,FCD-0325,Amount Paid to Driver for L/C Maize Carring Purposes,Gazipur Plant Cash,Cash-in-Hand,0.0,36890.0000,Payment[Cash],4,group_4,gazipur plant cash
2022-08-02,PV220800001,FCD-0326,Amount Paid to Driver for L/C Maize Carring Purposes,Carriage Inward-Import,Carriage Inword-Import,55170.0,0.0000,Payment[Cash],8,group_8,carriage inward-import
2022-08-02,PV220800001,FCD-0326,Amount Paid to Driver for L/C Maize Carring Purposes,Gazipur Plant Cash,Cash-in-Hand,0.0,55170.0000,Payment[Cash],4,group_4,gazipur plant cash
2022-08-02,PV220800001,FCD-0327,Amount Paid to Driver for L/C Maize Carring Purposes,Carriage Inward-Import,Carriage Inword-Import,17630.0,0.0000,Payment[Cash],8,group_8,carriage inward-import
2022-08-02,PV220800001,FCD-0327,Amount Paid to Driver for L/C Maize Carring Purposes,Gazipur Plant Cash,Cash-in-Hand,0.0,17630.0000,Payment[Cash],4,group_4,gazipur plant cash
2022-08-03,PV220800001,FCD-0331,Amount Paid to worker for night Allowance  Bill Purposes,Fac Snacks Expenses for Night Duty-Workers,Factory Overhead (Direct),2450.0,0.0000,Payment[Cash],5,group_5,fac snacks expenses for night duty-workers
2022-08-03,PV220800001,FCD-0331,Amount Paid to worker for night Allowance  Bill Purposes,Gazipur Plant Cash,Cash-in-Hand,0.0,2450.0000,Payment[Cash],4,group_4,gazipur plant cash
